Workbook

Sheet Instructions
A1: Study extraction workbook — FS for ML-based IoT IDS SLR
A2: Fill only the yellow cells (blue text). Grey/white cells are formulas — do not edit.
A3: Completed workbook: 130 included studies. Primary FS family was coded manually from title/abstract; other fields were extracted with keyword rules from full texts (see Methods).
A4: 2. Studies: one row per included study (S001–S130). Y/N columns use drop-downs.
A5: 3. QA: score each study on QA1–QA8 (1 = yes, 0.5 = partly, 0 = no). Total and grade are automatic.
A6: 4. Checklist: mark each study Y/N on the 12 FS-IDS-RC items.
A7: 5. DRL: pick each study's deployment-readiness level (DRL-0 … DRL-4).
A8: 6. Summary: all numbers needed for the paper's TBD cells are calculated here.
A10: Example of a completed Studies row (format only — verify against the paper before use):
A12: ID | B12: Authors | C12: Year | D12: Title | E12: Venue | F12: Venue type | G12: DOI | H12: Filter | I12: Wrapper (sequential) | J12: Wrapper (metaheuristic) | K12: Embedded | L12: Hybrid | M12: Transformation (PCA/AE) | N12: Primary FS family | O12: FS algorithm(s) | P12: Fitness / criterion | Q12: Classifier(s) | R12: Deep learning used | S12: Dataset(s) | T12: No. of datasets | U12: Legacy/non-IoT dataset only | V12: Cross-dataset test | W12: Class setting | X12: Original features | Y12: Selected features | Z12: Reduction (%) | AA12: Validation protocol | AB12: FS fitted on training data only | AC12: Repeated runs (stochastic FS) | AD12: Baseline without FS | AE12: Best reported accuracy (%) | AF12: Accuracy > 99% | AG12: FAR reported | AH12: Macro/per-class F1 reported | AI12: Statistical test | AJ12: FS time reported | AK12: Inference latency reported | AL12: Memory reported | AM12: Energy reported | AN12: Edge/IoT hardware used | AO12: Concept drift addressed | AP12: Adversarial robustness tested | AQ12: XAI used | AR12: XAI used for selection | AS12: Code/data available | AT12: Author-stated limitations | AU12: Notes
A13: EX | B13: Kasongo & Sun | C13: 2020 | D13: Performance analysis of IDS using a feature selection method on the UNSW-NB15 dataset | E13: Journal of Big Data | F13: Journal | K13: Y | N13: Embedded | O13: XGBoost importance | Q13: ANN, kNN, DT, LR, SVM | S13: UNSW-NB15 | T13: 1 | W13: Both | AG13: N
A14: Values above are illustrative; check every field against the original paper.

Sheet Summary
A1: Paper item | B1: Value | C1: Where it goes in the paper
A2: Studies entered | B2: =COUNTA(Studies!$D$2:$D$131) -> 130 | C2: Included studies
A3: Earliest publication year | B3: =MIN(Studies!$C$2:$C$131) -> 2019 | C3: Abstract / Sec. 4.1
A4: Latest publication year | B4: =MAX(Studies!$C$2:$C$131) -> 2025 | C4: Abstract / Sec. 4.1
A5: Journal articles (%) | B5: =IFERROR(COUNTIF(Studies!$F$2:$F$131,"Journal")/COUNTA(Studies!$D$2:$D$131),"") -> 1 | C5: Sec. 4.1
A6: Conference papers (%) | B6: =IFERROR(COUNTIF(Studies!$F$2:$F$131,"Conference")/COUNTA(Studies!$D$2:$D$131),"") -> 0 | C6: Sec. 4.1
A7: QA grade: High (n) | B7: =COUNTIF(QA!$K$2:$K$131,"High") -> 22 | C7: Sec. 4.1
A8: QA grade: Medium (n) | B8: =COUNTIF(QA!$K$2:$K$131,"Medium") -> 49 | C8: Sec. 4.1
A9: QA grade: Low (n) | B9: =COUNTIF(QA!$K$2:$K$131,"Low") -> 59 | C9: Sec. 4.1
A10: Filter studies (n) | B10: =COUNTIF(Studies!$H$2:$H$131,"Y") -> 81 | C10: Table 5
A11: Filter studies (%) | B11: =IFERROR(COUNTIF(Studies!$H$2:$H$131,"Y")/COUNTA(Studies!$D$2:$D$131),"") -> 0.62307692 | C11: Table 5
A12: Wrapper (sequential) studies (n) | B12: =COUNTIF(Studies!$I$2:$I$131,"Y") -> 26 | C12: Table 5
A13: Wrapper (sequential) studies (%) | B13: =IFERROR(COUNTIF(Studies!$I$2:$I$131,"Y")/COUNTA(Studies!$D$2:$D$131),"") -> 0.2 | C13: Table 5
A14: Wrapper (metaheuristic) studies (n) | B14: =COUNTIF(Studies!$J$2:$J$131,"Y") -> 99 | C14: Table 5
A15: Wrapper (metaheuristic) studies (%) | B15: =IFERROR(COUNTIF(Studies!$J$2:$J$131,"Y")/COUNTA(Studies!$D$2:$D$131),"") -> 0.76153846 | C15: Table 5
A16: Embedded studies (n) | B16: =COUNTIF(Studies!$K$2:$K$131,"Y") -> 33 | C16: Table 5
A17: Embedded studies (%) | B17: =IFERROR(COUNTIF(Studies!$K$2:$K$131,"Y")/COUNTA(Studies!$D$2:$D$131),"") -> 0.25384615 | C17: Table 5
A18: Hybrid studies (n) | B18: =COUNTIF(Studies!$L$2:$L$131,"Y") -> 39 | C18: Table 5
A19: Hybrid studies (%) | B19: =IFERROR(COUNTIF(Studies!$L$2:$L$131,"Y")/COUNTA(Studies!$D$2:$D$131),"") -> 0.3 | C19: Table 5
A20: Transformation (PCA/AE) studies (n) | B20: =COUNTIF(Studies!$M$2:$M$131,"Y") -> 70 | C20: Table 5
A21: Transformation (PCA/AE) studies (%) | B21: =IFERROR(COUNTIF(Studies!$M$2:$M$131,"Y")/COUNTA(Studies!$D$2:$D$131),"") -> 0.53846154 | C21: Table 5
A22: Filter: median reduction (%) | B22: {=IFERROR(MEDIAN(IF((Studies!$N$2:$N$131="Filter")*ISNUMBER(Studies!$Z$2:$Z$131),Studies!$Z$2:$Z$131)),"")} -> 0.40372671 | C22: Table 7
A23: Filter: studies – report FAR (n) | B23: =COUNTIFS(Studies!$N$2:$N$131,"Filter",Studies!$AG$2:$AG$131,"Y") -> 5 | C23: Table 7
A24: Filter: studies – report cost (n) | B24: =COUNTIFS(Studies!$N$2:$N$131,"Filter",Studies!$AK$2:$AK$131,"Y") -> 12 | C24: Table 7
A25: Filter: studies – cross-dataset test (n) | B25: =COUNTIFS(Studies!$N$2:$N$131,"Filter",Studies!$V$2:$V$131,"Y") -> 0 | C25: Table 7
A26: Wrapper/metaheuristic: median reduction (%) | B26: {=IFERROR(MEDIAN(IF((Studies!$N$2:$N$131="Wrapper-meta")*ISNUMBER(Studies!$Z$2:$Z$131),Studies!$Z$2:$Z$131)),"")} -> 0.6875 | C26: Table 7
A27: Wrapper/metaheuristic: studies – report FAR (n) | B27: =COUNTIFS(Studies!$N$2:$N$131,"Wrapper-meta",Studies!$AG$2:$AG$131,"Y") -> 33 | C27: Table 7
A28: Wrapper/metaheuristic: studies – report cost (n) | B28: =COUNTIFS(Studies!$N$2:$N$131,"Wrapper-meta",Studies!$AK$2:$AK$131,"Y") -> 24 | C28: Table 7
A29: Wrapper/metaheuristic: studies – cross-dataset test (n) | B29: =COUNTIFS(Studies!$N$2:$N$131,"Wrapper-meta",Studies!$V$2:$V$131,"Y") -> 8 | C29: Table 7
A30: Embedded: median reduction (%) | B30: {=IFERROR(MEDIAN(IF((Studies!$N$2:$N$131="Embedded")*ISNUMBER(Studies!$Z$2:$Z$131),Studies!$Z$2:$Z$131)),"")} -> 0.7118863 | C30: Table 7
A31: Embedded: studies – report FAR (n) | B31: =COUNTIFS(Studies!$N$2:$N$131,"Embedded",Studies!$AG$2:$AG$131,"Y") -> 4 | C31: Table 7
A32: Embedded: studies – report cost (n) | B32: =COUNTIFS(Studies!$N$2:$N$131,"Embedded",Studies!$AK$2:$AK$131,"Y") -> 10 | C32: Table 7
A33: Embedded: studies – cross-dataset test (n) | B33: =COUNTIFS(Studies!$N$2:$N$131,"Embedded",Studies!$V$2:$V$131,"Y") -> 0 | C33: Table 7
A34: Hybrid: median reduction (%) | B34: {=IFERROR(MEDIAN(IF((Studies!$N$2:$N$131="Hybrid")*ISNUMBER(Studies!$Z$2:$Z$131),Studies!$Z$2:$Z$131)),"")} -> 0.375 | C34: Table 7
A35: Hybrid: studies – report FAR (n) | B35: =COUNTIFS(Studies!$N$2:$N$131,"Hybrid",Studies!$AG$2:$AG$131,"Y") -> 13 | C35: Table 7
A36: Hybrid: studies – report cost (n) | B36: =COUNTIFS(Studies!$N$2:$N$131,"Hybrid",Studies!$AK$2:$AK$131,"Y") -> 9 | C36: Table 7
A37: Hybrid: studies – cross-dataset test (n) | B37: =COUNTIFS(Studies!$N$2:$N$131,"Hybrid",Studies!$V$2:$V$131,"Y") -> 3 | C37: Table 7
A38: Overall median reduction (%) | B38: =IFERROR(MEDIAN(Studies!$Z$2:$Z$131),"") -> 0.58928571 | C38: Sec. 4.3
A39: Reduction IQR lower (%) | B39: =IFERROR(QUARTILE(Studies!$Z$2:$Z$131,1),"") -> 0.33404874 | C39: Sec. 4.3
A40: Reduction IQR upper (%) | B40: =IFERROR(QUARTILE(Studies!$Z$2:$Z$131,3),"") -> 0.80731707 | C40: Sec. 4.3
A41: Studies with baseline without FS (n) | B41: =COUNTIF(Studies!$AD$2:$AD$131,"Y") -> 57 | C41: Sec. 4.3
A42: Studies reporting accuracy > 99% (%) | B42: =IFERROR(COUNTIF(Studies!$AF$2:$AF$131,"Y")/COUNTIF(Studies!$AF$2:$AF$131,"?*"),"") -> 0.5045045 | C42: Sec. 4.3
A43: Studies reporting FAR (%) | B43: =IFERROR(COUNTIF(Studies!$AG$2:$AG$131,"Y")/COUNTA(Studies!$D$2:$D$131),"") -> 0.48461538 | C43: Sec. 4.3
A44: Studies reporting macro/per-class F1 (%) | B44: =IFERROR(COUNTIF(Studies!$AH$2:$AH$131,"Y")/COUNTA(Studies!$D$2:$D$131),"") -> 0.35384615 | C44: Sec. 4.3
A45: Studies reporting inference latency (n) | B45: =COUNTIF(Studies!$AK$2:$AK$131,"Y") -> 65 | C45: Abstract / Sec. 4.3
A46: Studies reporting memory (n) | B46: =COUNTIF(Studies!$AL$2:$AL$131,"Y") -> 24 | C46: Sec. 4.3
A47: Studies reporting energy (n) | B47: =COUNTIF(Studies!$AM$2:$AM$131,"Y") -> 8 | C47: Sec. 4.3
A48: Studies using edge/IoT hardware (n) | B48: =COUNTIF(Studies!$AN$2:$AN$131,"Y") -> 2 | C48: Abstract / Sec. 4.3
A49: Studies using a single dataset (%) | B49: =IFERROR(COUNTIF(Studies!$T$2:$T$131,1)/COUNTA(Studies!$D$2:$D$131),"") -> 0.6 | C49: Abstract / Sec. 4.4
A50: Studies with cross-dataset test (n) | B50: =COUNTIF(Studies!$V$2:$V$131,"Y") -> 13 | C50: Sec. 4.4
A51: Studies using deep learning (%) | B51: =IFERROR(COUNTIF(Studies!$R$2:$R$131,"Y")/COUNTA(Studies!$D$2:$D$131),"") -> 0.77692308 | C51: Sec. 4.4
A52: Single hold-out validation (%) | B52: =IFERROR(COUNTIF(Studies!$AA$2:$AA$131,"Single hold-out")/COUNTA(Studies!$D$2:$D$131),"") -> 0.17692308 | C52: Sec. 4.4
A53: k-fold cross-validation (%) | B53: =IFERROR(COUNTIF(Studies!$AA$2:$AA$131,"k-fold CV")/COUNTA(Studies!$D$2:$D$131),"") -> 0.38461538 | C53: Sec. 4.4
A54: FS fitted on training data only (%) | B54: =IFERROR(COUNTIF(Studies!$AB$2:$AB$131,"Y")/COUNTA(Studies!$D$2:$D$131),"") -> 0.030769231 | C54: Sec. 4.4
A55: Concept drift addressed (n) | B55: =COUNTIF(Studies!$AO$2:$AO$131,"Y") -> 10 | C55: Sec. 4.5
A56: Adversarial robustness tested (n) | B56: =COUNTIF(Studies!$AP$2:$AP$131,"Y") -> 2 | C56: Sec. 4.5
A57: XAI used post hoc (n) | B57: =COUNTIF(Studies!$AQ$2:$AQ$131,"Y") -> 17 | C57: Sec. 4.5
A58: XAI used for selection (n) | B58: =COUNTIF(Studies!$AR$2:$AR$131,"Y") -> 3 | C58: Sec. 4.2
A59: Hybrid studies failing QA1 (%) | B59: =IFERROR(SUMPRODUCT((Studies!$N$2:$N$131="Hybrid")*ISNUMBER(QA!$B$2:$B$131)*(QA!$B$2:$B$131=0))/COUNTIF(Studies!$N$2:$N$131,"Hybrid"),"") -> 0 | C59: Sec. 4.2
A60: QA1 answered yes (%) | B60: =IFERROR(COUNTIF(QA!$B$2:$B$131,1)/COUNT(QA!$B$2:$B$131),"") -> 0.58461538 | C60: Table 4
A61: QA2 answered yes (%) | B61: =IFERROR(COUNTIF(QA!$C$2:$C$131,1)/COUNT(QA!$C$2:$C$131),"") -> 0.030769231 | C61: Table 4
A62: QA3 answered yes (%) | B62: =IFERROR(COUNTIF(QA!$D$2:$D$131,1)/COUNT(QA!$D$2:$D$131),"") -> 0.38461538 | C62: Table 4
A63: QA4 answered yes (%) | B63: =IFERROR(COUNTIF(QA!$E$2:$E$131,1)/COUNT(QA!$E$2:$E$131),"") -> 0.43846154 | C63: Table 4
A64: QA5 answered yes (%) | B64: =IFERROR(COUNTIF(QA!$F$2:$F$131,1)/COUNT(QA!$F$2:$F$131),"") -> 0.16923077 | C64: Table 4
A65: QA6 answered yes (%) | B65: =IFERROR(COUNTIF(QA!$G$2:$G$131,1)/COUNT(QA!$G$2:$G$131),"") -> 0.43076923 | C65: Table 4
A66: QA7 answered yes (%) | B66: =IFERROR(COUNTIF(QA!$H$2:$H$131,1)/COUNT(QA!$H$2:$H$131),"") -> 0.45384615 | C66: Table 4
A67: QA8 answered yes (%) | B67: =IFERROR(COUNTIF(QA!$I$2:$I$131,1)/COUNT(QA!$I$2:$I$131),"") -> 0.0076923077 | C67: Table 4
A68: Checklist item 1 Dataset & preprocessing: compliant (n) | B68: =COUNTIF(Checklist!$B$2:$B$131,"Y") -> 113 | C68: Table 10
A69: Checklist item 2 Class setting & imbalance: compliant (n) | B69: =COUNTIF(Checklist!$C$2:$C$131,"Y") -> 77 | C69: Table 10
A70: Checklist item 3 FS inside training folds: compliant (n) | B70: =COUNTIF(Checklist!$D$2:$D$131,"Y") -> 4 | C70: Table 10
A71: Checklist item 4 Full FS specification: compliant (n) | B71: =COUNTIF(Checklist!$E$2:$E$131,"Y") -> 76 | C71: Table 10
A72: Checklist item 5 Selected feature list: compliant (n) | B72: =COUNTIF(Checklist!$F$2:$F$131,"Y") -> 27 | C72: Table 10
A73: Checklist item 6 Repeated runs mean±sd: compliant (n) | B73: =COUNTIF(Checklist!$G$2:$G$131,"Y") -> 16 | C73: Table 10
A74: Checklist item 7 Baselines: compliant (n) | B74: =COUNTIF(Checklist!$H$2:$H$131,"Y") -> 48 | C74: Table 10
A75: Checklist item 8 Class-sensitive metrics: compliant (n) | B75: =COUNTIF(Checklist!$I$2:$I$131,"Y") -> 22 | C75: Table 10
A76: Checklist item 9 Significance testing: compliant (n) | B76: =COUNTIF(Checklist!$J$2:$J$131,"Y") -> 20 | C76: Table 10
A77: Checklist item 10 Cost on stated hardware: compliant (n) | B77: =COUNTIF(Checklist!$K$2:$K$131,"Y") -> 59 | C77: Table 10
A78: Checklist item 11 ≥2 datasets / cross-dataset: compliant (n) | B78: =COUNTIF(Checklist!$L$2:$L$131,"Y") -> 59 | C78: Table 10
A79: Checklist item 12 Code released: compliant (n) | B79: =COUNTIF(Checklist!$M$2:$M$131,"Y") -> 1 | C79: Table 10
A80: DRL-0 (n) | B80: =COUNTIF(DRL!$B$2:$B$131,"DRL-0") -> 93 | C80: Table 11
A81: DRL-1 (n) | B81: =COUNTIF(DRL!$B$2:$B$131,"DRL-1") -> 18 | C81: Table 11
A82: DRL-2 (n) | B82: =COUNTIF(DRL!$B$2:$B$131,"DRL-2") -> 13 | C82: Table 11
A83: DRL-3 (n) | B83: =COUNTIF(DRL!$B$2:$B$131,"DRL-3") -> 6 | C83: Table 11
A84: DRL-4 (n) | B84: =COUNTIF(DRL!$B$2:$B$131,"DRL-4") -> 0 | C84: Table 11
A85: DRL-0 or DRL-1 (%) | B85: =IFERROR((COUNTIF(DRL!$B$2:$B$131,"DRL-0")+COUNTIF(DRL!$B$2:$B$131,"DRL-1"))/COUNTA(DRL!$B$2:$B$131),"") -> 0.85384615 | C85: Sec. 6.3
A86: Studies using NSL-KDD (n) | B86: =COUNTIF(Studies!$S$2:$S$131,"*NSL-KDD*") -> 34 | C86: Table 3
A87: Studies using UNSW-NB15 (n) | B87: =COUNTIF(Studies!$S$2:$S$131,"*UNSW-NB15*") -> 33 | C87: Table 3
A88: Studies using CICIDS2017 (n) | B88: =COUNTIF(Studies!$S$2:$S$131,"*CICIDS2017*") -> 14 | C88: Table 3
A89: Studies using N-BaIoT (n) | B89: =COUNTIF(Studies!$S$2:$S$131,"*N-BaIoT*") -> 3 | C89: Table 3
A90: Studies using Bot-IoT (n) | B90: =COUNTIF(Studies!$S$2:$S$131,"*Bot-IoT*") -> 25 | C90: Table 3
A91: Studies using TON_IoT (n) | B91: =COUNTIF(Studies!$S$2:$S$131,"*TON_IoT*") -> 15 | C91: Table 3
A92: Studies using Edge-IIoTset (n) | B92: =COUNTIF(Studies!$S$2:$S$131,"*Edge-IIoTset*") -> 6 | C92: Table 3
A93: Studies using CICIoT2023 (n) | B93: =COUNTIF(Studies!$S$2:$S$131,"*CICIoT2023*") -> 9 | C93: Table 3

Sheet Studies
A1: ID | B1: Authors | C1: Year | D1: Title | E1: Venue | F1: Venue type | G1: DOI | H1: Filter (mentioned) | I1: Wrapper (sequential) (mentioned) | J1: Wrapper (metaheuristic) (mentioned) | K1: Embedded (mentioned) | L1: Hybrid (mentioned) | M1: Transformation (PCA/AE) (mentioned) | N1: Primary FS family | O1: FS algorithm(s) | P1: Fitness / criterion | Q1: Classifier(s) | R1: Deep learning used | S1: Dataset(s) | T1: No. of datasets | U1: Legacy/non-IoT dataset only | V1: Cross-dataset test | W1: Class setting | X1: Original features | Y1: Selected features | Z1: Reduction (%) | AA1: Validation protocol | AB1: FS fitted on training data only | AC1: Repeated runs (stochastic FS) | AD1: Baseline without FS | AE1: Best reported accuracy (%) | AF1: Accuracy > 99% | AG1: FAR reported | AH1: Macro/per-class F1 reported | AI1: Statistical test | AJ1: FS time reported | AK1: Inference latency reported | AL1: Memory reported | AM1: Energy reported | AN1: Edge/IoT hardware used | AO1: Concept drift addressed | AP1: Adversarial robustness tested | AQ1: XAI used | AR1: XAI used for selection | AS1: Code/data available | AT1: Author-stated limitations | AU1: Notes
A2: S001 | B2: Mr.B. Suresh; M. Venkatachalam; Dr.M. Saroja | C2: 2019 | D2: Towards Improved Random Forest based Feature Selection for Intrusion Detection in Smart IOT Environment | E2: International Journal of Innovative Technology and Exploring Engineering | F2: Journal | G2: 10.35940/ijitee.f1446.0981119 | H2: Y | I2: N | J2: Y | K2: N | L2: N | M2: N | N2: Embedded | Q2: RF, DT, kNN | R2: N | S2: Kaggle (unspecified) | T2: 1 | U2: N | V2: N | Z2: =IF(AND(ISNUMBER(X2),ISNUMBER(Y2),X2>0),1-Y2/X2,"") | AA2: Not stated | AB2: Unclear | AC2: N | AD2: N | AF2: =IF(ISNUMBER(AE2),IF(AE2>99,"Y","N"),"") | AG2: Y | AH2: N | AI2: N | AJ2: N | AK2: N | AL2: N | AM2: N | AN2: N | AO2: N | AP2: N | AQ2: N | AR2: N | AS2: N | AU2: rec_id R0042
A3: S002 | B3: Azam Davahli; Mahboubeh Shamsi; Golnoush Abaei | C3: 2020 | D3: A Lightweight Anomaly Detection Model using SVM for WSNs in IoT through a Hybrid Feature Selection Algorithm based on GA and GWO | F3: Journal | G3: 10.22108/jcs.2020.119468.1033 | H3: N | I3: N | J3: Y | K3: N | L3: Y | M3: N | N3: Hybrid | Q3: SVM, kNN, MLP/ANN/DNN | R3: N | S3: AWID | T3: 1 | U3: Y | V3: N | W3: Binary | Z3: =IF(AND(ISNUMBER(X3),ISNUMBER(Y3),X3>0),1-Y3/X3,"") | AA3: k-fold CV | AB3: Unclear | AC3: N | AD3: N | AF3: =IF(ISNUMBER(AE3),IF(AE3>99,"Y","N"),"") | AG3: Y | AH3: N | AI3: N | AJ3: Y | AK3: Y | AL3: N | AM3: N | AN3: N | AO3: N | AP3: N | AQ3: N | AR3: N | AS3: N | AU3: rec_id R0047
A4: S003 | B4: J. Pokala; B. Lalitha | C4: 2021 | D4: A Novel Intrusion Detection System for RPL Based IoT Networks with Bio-Inspired Feature Selection and Ensemble Classifier | F4: Journal | G4: 10.21203/rs.3.rs-442429/v1 | H4: Y | I4: N | J4: Y | K4: N | L4: Y | M4: N | N4: Wrapper-meta | Q4: SVM, DT, kNN, LR, AdaBoost, LSTM/GRU/RNN | R4: Y | S4: KDD Cup 99 | T4: 1 | U4: Y | V4: N | Z4: =IF(AND(ISNUMBER(X4),ISNUMBER(Y4),X4>0),1-Y4/X4,"") | AA4: k-fold CV | AB4: Unclear | AC4: N | AD4: Y | AE4: 96.4 | AF4: =IF(ISNUMBER(AE4),IF(AE4>99,"Y","N"),"") -> N | AG4: Y | AH4: Y | AI4: N | AJ4: Y | AK4: N | AL4: N | AM4: N | AN4: N | AO4: N | AP4: N | AQ4: N | AR4: N | AS4: N | AU4: rec_id R0103
A5: S004 | B5: Alok Kumar Pani | C5: 2021 | D5: An efficient algorithmic technique for feature selection in IoT based intrusion detection system | E5: Indian Journal of Science and Technology | F5: Journal | G5: 10.17485/ijst/v14i1.2057 | H5: Y | I5: N | J5: Y | K5: N | L5: N | M5: N | N5: Wrapper-meta | Q5: RF, SVM, DT, LR, MLP/ANN/DNN | R5: Y | S5: DS2OS | T5: 1 | U5: N | V5: N | W5: Binary | Z5: =IF(AND(ISNUMBER(X5),ISNUMBER(Y5),X5>0),1-Y5/X5,"") | AA5: Not stated | AB5: Unclear | AC5: N | AD5: N | AE5: 99.5 | AF5: =IF(ISNUMBER(AE5),IF(AE5>99,"Y","N"),"") -> Y | AG5: Y | AH5: N | AI5: N | AJ5: Y | AK5: N | AL5: N | AM5: N | AN5: N | AO5: N | AP5: N | AQ5: N | AR5: N | AS5: N | AU5: rec_id R0125
A6: S005 | B6: Bello Nazifi Kagara | C6: 2021 | D6: Comparative Study on Feature Selection Techniques in Intrusion Detection Systems using Ensemble Classifiers | E6: International Journal of Innovative Computing | F6: Journal | G6: 10.11113/ijic.v11n1.286 | H6: Y | I6: N | J6: Y | K6: N | L6: N | M6: Y | N6: Hybrid | Q6: SVM, LR | R6: N | S6: KDD Cup 99 | T6: 1 | U6: Y | V6: N | Z6: =IF(AND(ISNUMBER(X6),ISNUMBER(Y6),X6>0),1-Y6/X6,"") | AA6: Not stated | AB6: Unclear | AC6: N | AD6: N | AE6: 99.7 | AF6: =IF(ISNUMBER(AE6),IF(AE6>99,"Y","N"),"") -> Y | AG6: Y | AH6: Y | AI6: N | AJ6: Y | AK6: N | AL6: N | AM6: N | AN6: N | AO6: N | AP6: N | AQ6: N | AR6: N | AS6: N | AU6: rec_id R0136
A7: S006 | B7: Gozde Karatas Baydoğmus | C7: 2021 | D7: Detecting Internet of Things Attacks by Using Hybrid Learning and Feature Selection Method | E7: European Journal of Science and Technology | F7: Journal | G7: 10.31590/ejosat.1017433 | H7: Y | I7: N | J7: N | K7: Y | L7: Y | M7: N | N7: Filter | Q7: DT, CNN, LSTM/GRU/RNN | R7: Y | S7: Bot-IoT, TON_IoT | T7: 2 | U7: N | V7: N | X7: 119 | Y7: 115 | Z7: =IF(AND(ISNUMBER(X7),ISNUMBER(Y7),X7>0),1-Y7/X7,"") -> 0.033613445 | AA7: Not stated | AB7: Unclear | AC7: N | AD7: N | AE7: 99.99 | AF7: =IF(ISNUMBER(AE7),IF(AE7>99,"Y","N"),"") -> Y | AG7: N | AH7: N | AI7: Y | AJ7: Y | AK7: Y | AL7: N | AM7: N | AN7: N | AO7: N | AP7: N | AQ7: N | AR7: N | AS7: N | AU7: rec_id R0140
A8: S007 | B8: Maheshi Buddhinee Dissanayake | C8: 2021 | D8: Feature Engineering for Cyber-attack detection in Internet of Things | E8: International Journal of Wireless and Microwave Technologies | F8: Journal | G8: 10.5815/ijwmt.2021.06.05 | H8: N | I8: N | J8: N | K8: Y | L8: N | M8: Y | N8: Embedded | Q8: RF, DT, LightGBM, AdaBoost, MLP/ANN/DNN | R8: Y | S8: KDD Cup 99 | T8: 1 | U8: Y | V8: N | W8: Multi-class | Y8: 10 | Z8: =IF(AND(ISNUMBER(X8),ISNUMBER(Y8),X8>0),1-Y8/X8,"") | AA8: k-fold CV | AB8: Unclear | AC8: N | AD8: Y | AE8: 99 | AF8: =IF(ISNUMBER(AE8),IF(AE8>99,"Y","N"),"") -> N | AG8: N | AH8: N | AI8: N | AJ8: Y | AK8: Y | AL8: N | AM8: N | AN8: N | AO8: N | AP8: N | AQ8: N | AR8: N | AS8: N | AU8: rec_id R0151
A9: S008 | B9: G. Kavitha; N. M. Elango | C9: 2021 | D9: Genetic Algorithm-Conditional Mutual Information Maximization based feature selection for Bot Attack Classification in IoT devices | E9: Journal of Mobile Multimedia | F9: Journal | G9: 10.13052/jmm1550-4646.1816 | H9: Y | I9: Y | J9: Y | K9: N | L9: Y | M9: Y | N9: Hybrid | Q9: SVM, DT, NB | R9: N | S9: Private/unspecified | T9: 1 | U9: Y | V9: N | W9: Both | Z9: =IF(AND(ISNUMBER(X9),ISNUMBER(Y9),X9>0),1-Y9/X9,"") | AA9: k-fold CV | AB9: Unclear | AC9: N | AD9: N | AE9: 99.87 | AF9: =IF(ISNUMBER(AE9),IF(AE9>99,"Y","N"),"") -> Y | AG9: Y | AH9: N | AI9: N | AJ9: Y | AK9: N | AL9: Y | AM9: N | AN9: N | AO9: N | AP9: N | AQ9: N | AR9: N | AS9: N | AU9: rec_id R0157
A10: S009 | B10: Rawaa Ismael Farhan; Abeer Tariq Maolood; Nidaa Falih Hassan | C10: 2021 | D10: Hybrid Feature Selection Approach to Improve the Deep Neural Network on New Flow-Based Dataset for NIDS | E10: Wasit Journal of Computer and Mathematics Science | F10: Journal | G10: 10.31185/wjcm.vol1.iss1.10 | H10: Y | I10: N | J10: Y | K10: N | L10: Y | M10: Y | N10: Hybrid | Q10: RF, SVM, MLP/ANN/DNN, CNN, LSTM/GRU/RNN | R10: Y | S10: NSL-KDD, CSE-CIC-IDS2018 | T10: 2 | U10: Y | V10: N | W10: Both | Z10: =IF(AND(ISNUMBER(X10),ISNUMBER(Y10),X10>0),1-Y10/X10,"") | AA10: k-fold CV | AB10: Unclear | AC10: N | AD10: Y | AE10: 95 | AF10: =IF(ISNUMBER(AE10),IF(AE10>99,"Y","N"),"") -> N | AG10: Y | AH10: Y | AI10: N | AJ10: Y | AK10: Y | AL10: N | AM10: N | AN10: N | AO10: N | AP10: N | AQ10: N | AR10: N | AS10: N | AU10: rec_id R0158
A11: S010 | B11: Taifeng Pan | C11: 2021 | D11: Intrusion Detection Method of Internet of Things Based on Multi GBDT Feature Dimensionality Reduction and Hierarchical Traffic Detection | E11: Journal of Quantum Computing | F11: Journal | G11: 10.32604/jqc.2021.025373 | H11: N | I11: N | J11: Y | K11: Y | L11: N | M11: Y | N11: Embedded | Q11: SVM, DT, MLP/ANN/DNN, CNN | R11: Y | S11: UNSW-NB15, Bot-IoT | T11: 2 | U11: N | V11: N | W11: Both | Z11: =IF(AND(ISNUMBER(X11),ISNUMBER(Y11),X11>0),1-Y11/X11,"") | AA11: Not stated | AB11: Unclear | AC11: N | AD11: N | AE11: 68.11 | AF11: =IF(ISNUMBER(AE11),IF(AE11>99,"Y","N"),"") -> N | AG11: N | AH11: N | AI11: N | AJ11: N | AK11: Y | AL11: N | AM11: N | AN11: N | AO11: N | AP11: N | AQ11: N | AR11: N | AS11: N | AU11: rec_id R0162
A12: S011 | B12: Montassar Aidi Sharif | C12: 2022 | D12: A Mechatronics System based on Feature Selection and AI for IoT Intrusion Detection Applications | E12: International Journal of Integrated Engineering | F12: Journal | G12: 10.30880/ijie.2022.14.06.026 | H12: N | I12: N | J12: Y | K12: N | L12: N | M12: Y | N12: Embedded | Q12: kNN, MLP/ANN/DNN, CNN | R12: Y | S12: Private/unspecified | T12: 1 | U12: Y | V12: N | W12: Binary | Z12: =IF(AND(ISNUMBER(X12),ISNUMBER(Y12),X12>0),1-Y12/X12,"") | AA12: Not stated | AB12: Unclear | AC12: N | AD12: Y | AF12: =IF(ISNUMBER(AE12),IF(AE12>99,"Y","N"),"") | AG12: N | AH12: N | AI12: N | AJ12: Y | AK12: N | AL12: N | AM12: N | AN12: N | AO12: N | AP12: N | AQ12: N | AR12: N | AS12: N | AU12: rec_id R0204
A13: S012 | B13: Ahmed Fahad Alshudukhi; Saif Ahmed Jabbar; Basel Alshaikhdeeb | C13: 2022 | D13: A feature selection method based on auto-encoder for internet of things intrusion detection | E13: International Journal of Power Electronics and Drive Systems/International Journal of Electrical and Computer Engineering | F13: Journal | G13: 10.11591/ijece.v12i3.pp3265-3275 | H13: N | I13: Y | J13: Y | K13: N | L13: N | M13: N | N13: Transformation | Q13: SVM, DT, kNN | R13: N | S13: UNSW-NB15 | T13: 1 | U13: N | V13: N | W13: Binary | X13: 198 | Y13: 1 | Z13: =IF(AND(ISNUMBER(X13),ISNUMBER(Y13),X13>0),1-Y13/X13,"") -> 0.99494949 | AA13: Not stated | AB13: Unclear | AC13: N | AD13: N | AE13: 99.97 | AF13: =IF(ISNUMBER(AE13),IF(AE13>99,"Y","N"),"") -> Y | AG13: Y | AH13: N | AI13: N | AJ13: N | AK13: N | AL13: N | AM13: N | AN13: N | AO13: N | AP13: N | AQ13: N | AR13: N | AS13: N | AU13: rec_id R0213
A14: S013 | B14: Kalaivani Kaliyaperumal; M. Chinnadurai; Deepan Perumal; Ganesh Jayaraman; Kannan Samikannu | C14: 2022 | D14: Combined Ensemble Intrusion Detection Model using Deep learning with Feature Selection for Fog Computing Environments | E14: Acta Scientiarum. Technology/Acta scientiarum. Technology | F14: Journal | G14: 10.4025/actascitechnol.v45i1.60551 | H14: N | I14: Y | J14: Y | K14: Y | L14: N | M14: N | N14: Embedded | Q14: RF, SVM, DT, kNN, NB, MLP/ANN/DNN, CNN, LSTM/GRU/RNN | R14: Y | S14: NSL-KDD, KDD Cup 99, UNSW-NB15 | T14: 3 | U14: N | V14: N | W14: Both | X14: 9 | Y14: 1 | Z14: =IF(AND(ISNUMBER(X14),ISNUMBER(Y14),X14>0),1-Y14/X14,"") -> 0.88888889 | AA14: Not stated | AB14: Unclear | AC14: N | AD14: N | AE14: 97.5 | AF14: =IF(ISNUMBER(AE14),IF(AE14>99,"Y","N"),"") -> N | AG14: Y | AH14: Y | AI14: N | AJ14: Y | AK14: Y | AL14: N | AM14: N | AN14: N | AO14: N | AP14: N | AQ14: N | AR14: N | AS14: N | AU14: rec_id R0244
A15: S014 | B15: A. Padmashree; M. Krishnamoorthi | C15: 2022 | D15: Decision Tree with Pearson Correlation-based Recursive Feature Elimination Model for Attack Detection in IoT Environment | E15: Information Technology and Control | F15: Journal | G15: 10.5755/j01.itc.51.4.31818 | H15: Y | I15: Y | J15: Y | K15: N | L15: N | M15: Y | N15: Hybrid | Q15: RF, SVM, DT, kNN, MLP/ANN/DNN, CNN | R15: Y | S15: Bot-IoT | T15: 1 | U15: N | V15: N | Z15: =IF(AND(ISNUMBER(X15),ISNUMBER(Y15),X15>0),1-Y15/X15,"") | AA15: Not stated | AB15: Unclear | AC15: N | AD15: Y | AE15: 99.2 | AF15: =IF(ISNUMBER(AE15),IF(AE15>99,"Y","N"),"") -> Y | AG15: Y | AH15: N | AI15: N | AJ15: Y | AK15: Y | AL15: N | AM15: N | AN15: N | AO15: N | AP15: N | AQ15: N | AR15: N | AS15: N | AU15: rec_id R0247
A16: S015 | B16: D. Dasari; G. Bindu | C16: 2022 | D16: Feature Selection Model-based Intrusion Detection System for Cyberattacks on the Internet of Vehicles Using Cat and Mouse Optimizer | E16: J. Wirel. Mob. Networks Ubiquitous Comput. Dependable Appl. | F16: Journal | G16: 10.58346/jowua.2024.i2.017 | H16: Y | I16: N | J16: Y | K16: N | L16: N | M16: Y | N16: Wrapper-meta | Q16: RF, DT, LSTM/GRU/RNN | R16: Y | S16: CSE-CIC-IDS2018, Car-Hacking | T16: 2 | U16: N | V16: N | W16: Binary | Z16: =IF(AND(ISNUMBER(X16),ISNUMBER(Y16),X16>0),1-Y16/X16,"") | AA16: Not stated | AB16: Unclear | AC16: N | AD16: N | AE16: 99.5 | AF16: =IF(ISNUMBER(AE16),IF(AE16>99,"Y","N"),"") -> Y | AG16: Y | AH16: Y | AI16: N | AJ16: N | AK16: Y | AL16: N | AM16: N | AN16: N | AO16: N | AP16: N | AQ16: N | AR16: N | AS16: N | AU16: rec_id R0268
A17: S016 | B17: S. Balaji; S. Sankaranarayanan | C17: 2022 | D17: Hybrid Deep-GAN Model for Intrusion Detection in IoT Through Enhanced Whale Optimization | E17: International Journal of Computing | F17: Journal | G17: 10.47839/ijc.21.4.2781 | H17: Y | I17: Y | J17: Y | K17: N | L17: Y | M17: Y | N17: Wrapper-meta | Q17: MLP/ANN/DNN, CNN | R17: Y | S17: Private/unspecified | T17: 1 | U17: Y | V17: N | Z17: =IF(AND(ISNUMBER(X17),ISNUMBER(Y17),X17>0),1-Y17/X17,"") | AA17: Not stated | AB17: Unclear | AC17: Y | AD17: N | AF17: =IF(ISNUMBER(AE17),IF(AE17>99,"Y","N"),"") | AG17: Y | AH17: N | AI17: N | AJ17: Y | AK17: N | AL17: N | AM17: N | AN17: N | AO17: N | AP17: N | AQ17: N | AR17: N | AS17: N | AU17: rec_id R0278
A18: S017 | B18: Mashael M. Asiri; Heba G. Mohamed; Mohamed K. Nour; Mesfer Al Duhayyim; Amira Sayed A. Aziz; Abdelwahed Motwakel; Abu Sarwar Zamani; Mohamed I. Eldesouki | C18: 2022 | D18: Hybrid Metaheuristics Feature Selection with Stacked Deep Learning-Enabled Cyber-Attack Detection Model | E18: Computer Systems Science and Engineering | F18: Journal | G18: 10.32604/csse.2023.031063 | H18: N | I18: N | J18: Y | K18: N | L18: N | M18: Y | N18: Wrapper-meta | Q18: SVM, MLP/ANN/DNN, LSTM/GRU/RNN | R18: Y | S18: Private/unspecified | T18: 1 | U18: Y | V18: N | W18: Binary | Z18: =IF(AND(ISNUMBER(X18),ISNUMBER(Y18),X18>0),1-Y18/X18,"") | AA18: Not stated | AB18: Unclear | AC18: N | AD18: N | AF18: =IF(ISNUMBER(AE18),IF(AE18>99,"Y","N"),"") | AG18: N | AH18: N | AI18: N | AJ18: N | AK18: N | AL18: N | AM18: N | AN18: N | AO18: N | AP18: N | AQ18: N | AR18: N | AS18: N | AU18: rec_id R0280
A19: S018 | B19: Sasikumar Gurumurthy; D. Pamela; Upendra Roy | C19: 2022 | D19: Hybrid Pigeon Inspired Optimizer-Gray Wolf Optimization for Network Intrusion Detection | E19: Journal of system and management sciences | F19: Journal | G19: 10.33168/jsms.2022.0423 | H19: N | I19: N | J19: Y | K19: N | L19: N | M19: Y | N19: Wrapper-meta | Q19: SVM | R19: N | S19: NSL-KDD | T19: 1 | U19: Y | V19: N | W19: Both | Z19: =IF(AND(ISNUMBER(X19),ISNUMBER(Y19),X19>0),1-Y19/X19,"") | AA19: Not stated | AB19: Unclear | AC19: N | AD19: Y | AE19: 96.94 | AF19: =IF(ISNUMBER(AE19),IF(AE19>99,"Y","N"),"") -> N | AG19: Y | AH19: N | AI19: N | AJ19: Y | AK19: N | AL19: N | AM19: N | AN19: N | AO19: N | AP19: N | AQ19: N | AR19: N | AS19: N | AU19: rec_id R0281
A20: S019 | B20: S. Vanitha; Palanisamy Balasubramanie | C20: 2022 | D20: Improved Ant Colony Optimization and Machine Learning Based Ensemble Intrusion Detection Model | E20: Intelligent Automation & Soft Computing | F20: Journal | G20: 10.32604/iasc.2023.032324 | H20: Y | I20: N | J20: Y | K20: N | L20: N | M20: N | N20: Wrapper-meta | Q20: SVM, DT | R20: N | S20: UNSW-NB15 | T20: 1 | U20: N | V20: N | W20: Binary | Z20: =IF(AND(ISNUMBER(X20),ISNUMBER(Y20),X20>0),1-Y20/X20,"") | AA20: Not stated | AB20: Unclear | AC20: Y | AD20: N | AF20: =IF(ISNUMBER(AE20),IF(AE20>99,"Y","N"),"") | AG20: Y | AH20: Y | AI20: N | AJ20: Y | AK20: N | AL20: N | AM20: N | AN20: N | AO20: N | AP20: N | AQ20: N | AR20: N | AS20: N | AU20: rec_id R0287
A21: S020 | B21: Reem Ibrahim Alkanhel; El‐Sayed M. El‐kenawy; Abdelaziz A. Abdelhamid; Abdelhameed F. Ibrahim; Manal Abdullah Alohali; Mostafa Salaheldin Abdelsalam Abotaleb; Doaa Sami Khafaga | C21: 2022 | D21: Network Intrusion Detection Based on Feature Selection and Hybrid Metaheuristic Optimization | E21: Computers, materials & continua/Computers, materials & continua (Print) | F21: Journal | G21: 10.32604/cmc.2023.033273 | H21: N | I21: N | J21: Y | K21: N | L21: N | M21: N | N21: Wrapper-meta | Q21: kNN | R21: N | S21: Private/unspecified | T21: 1 | U21: Y | V21: N | W21: Binary | Z21: =IF(AND(ISNUMBER(X21),ISNUMBER(Y21),X21>0),1-Y21/X21,"") | AA21: Not stated | AB21: Unclear | AC21: N | AD21: N | AF21: =IF(ISNUMBER(AE21),IF(AE21>99,"Y","N"),"") | AG21: N | AH21: N | AI21: Y | AJ21: N | AK21: N | AL21: N | AM21: N | AN21: N | AO21: N | AP21: N | AQ21: N | AR21: N | AS21: N | AU21: rec_id R0319
A22: S021 | B22: Fei ZHANG; Peining Zhen; Dishan Jing; Xiaotang Tang; Hai‐Bao Chen; Jie YAN | C22: 2022 | D22: SVM Based Intrusion Detection Method with Nonlinear Scaling and Feature Selection | E22: IEICE Transactions on Information and Systems | F22: Journal | G22: 10.1587/transinf.2021edp7184 | H22: Y | I22: N | J22: N | K22: N | L22: N | M22: Y | N22: Transformation | Q22: SVM, MLP/ANN/DNN, CNN | R22: Y | S22: NSL-KDD | T22: 1 | U22: Y | V22: N | W22: Both | X22: 41 | Y22: 23 | Z22: =IF(AND(ISNUMBER(X22),ISNUMBER(Y22),X22>0),1-Y22/X22,"") -> 0.43902439 | AA22: k-fold CV | AB22: Unclear | AC22: N | AD22: Y | AE22: 82.2 | AF22: =IF(ISNUMBER(AE22),IF(AE22>99,"Y","N"),"") -> N | AG22: Y | AH22: Y | AI22: N | AJ22: Y | AK22: Y | AL22: N | AM22: N | AN22: N | AO22: N | AP22: N | AQ22: N | AR22: N | AS22: N | AU22: rec_id R0341
A23: S022 | B23: Ruqaya Abed Alhasan; Ekhlas Kadhum Hamza | C23: 2023 | D23: A Novel CNN Model with Dimensionality Reduction for WSN Intrusion Detection | E23: Revue d intelligence artificielle | F23: Journal | G23: 10.18280/ria.370504 | H23: Y | I23: N | J23: Y | K23: N | L23: N | M23: Y | N23: Transformation | Q23: RF, SVM, DT, MLP/ANN/DNN, CNN | R23: Y | S23: UNSW-NB15, WSN-DS | T23: 2 | U23: N | V23: N | W23: Multi-class | Y23: 13 | Z23: =IF(AND(ISNUMBER(X23),ISNUMBER(Y23),X23>0),1-Y23/X23,"") | AA23: Single hold-out | AB23: Unclear | AC23: N | AD23: Y | AE23: 99.99 | AF23: =IF(ISNUMBER(AE23),IF(AE23>99,"Y","N"),"") -> Y | AG23: Y | AH23: N | AI23: N | AJ23: Y | AK23: N | AL23: Y | AM23: N | AN23: N | AO23: N | AP23: N | AQ23: N | AR23: N | AS23: N | AU23: rec_id R0364
A24: S023 | B24: Yakub Kayode Saheed; Aisha Abubakar Usman; Favour Dirwokmwa Sukat; Muftahu Abdulrahman | C24: 2023 | D24: A novel hybrid autoencoder and modified particle swarm optimization feature selection for intrusion detection in the internet of things network | E24: Frontiers in Computer Science | F24: Journal | G24: 10.3389/fcomp.2023.997159 | H24: N | I24: N | J24: Y | K24: N | L24: Y | M24: Y | N24: Hybrid | Q24: RF, SVM, DT, kNN, LightGBM, MLP/ANN/DNN, LSTM/GRU/RNN, Autoencoder | R24: Y | S24: NSL-KDD, KDD Cup 99, UNSW-NB15, Bot-IoT | T24: 4 | U24: N | V24: N | W24: Both | Z24: =IF(AND(ISNUMBER(X24),ISNUMBER(Y24),X24>0),1-Y24/X24,"") | AA24: k-fold CV | AB24: Unclear | AC24: Y | AD24: N | AE24: 99.9 | AF24: =IF(ISNUMBER(AE24),IF(AE24>99,"Y","N"),"") -> Y | AG24: Y | AH24: N | AI24: N | AJ24: Y | AK24: Y | AL24: Y | AM24: Y | AN24: N | AO24: N | AP24: N | AQ24: N | AR24: N | AS24: N | AU24: rec_id R0386
A25: S024 | B25: Vijay Prakash Sharma; Narendra Singh Yadav; Sundar Suhrith Adavi; D. Sikha Datta Reddy; Brij Bhooshan Gupta | C25: 2023 | D25: A two stage hybrid intrusion detection using genetic algorithm in IoT networks | E25: Journal of Discrete Mathematical Sciences and Cryptography | F25: Journal | G25: 10.47974/jdmsc-1737 | H25: N | I25: N | J25: Y | K25: N | L25: N | M25: N | N25: Wrapper-meta | Q25: kNN, CNN, LSTM/GRU/RNN | R25: Y | S25: UNSW-NB15 | T25: 1 | U25: N | V25: N | W25: Both | Z25: =IF(AND(ISNUMBER(X25),ISNUMBER(Y25),X25>0),1-Y25/X25,"") | AA25: Not stated | AB25: Unclear | AC25: N | AD25: Y | AF25: =IF(ISNUMBER(AE25),IF(AE25>99,"Y","N"),"") | AG25: N | AH25: N | AI25: N | AJ25: N | AK25: N | AL25: N | AM25: N | AN25: N | AO25: N | AP25: N | AQ25: N | AR25: N | AS25: N | AU25: rec_id R0388
A26: S025 | B26: Demóstenes Zegarra Rodríguez; Ogobuchi Daniel Okey; Siti Sarah Maidin; Ekikere Umoren Udo; João Henrique Kleinschmidt | C26: 2023 | D26: Attentive transformer deep learning algorithm for intrusion detection on IoT systems using automatic Xplainable feature selection | E26: PLoS ONE | F26: Journal | G26: 10.1371/journal.pone.0286652 | H26: Y | I26: N | J26: N | K26: Y | L26: N | M26: Y | N26: Embedded | Q26: DT, XGBoost, MLP/ANN/DNN, CNN, LSTM/GRU/RNN, Transformer/Attention | R26: Y | S26: CICIDS2017, CSE-CIC-IDS2018, CIC-DDoS2019 | T26: 3 | U26: Y | V26: N | W26: Multi-class | Z26: =IF(AND(ISNUMBER(X26),ISNUMBER(Y26),X26>0),1-Y26/X26,"") | AA26: k-fold CV | AB26: Unclear | AC26: Y | AD26: Y | AE26: 97 | AF26: =IF(ISNUMBER(AE26),IF(AE26>99,"Y","N"),"") -> N | AG26: N | AH26: N | AI26: N | AJ26: Y | AK26: Y | AL26: N | AM26: N | AN26: N | AO26: N | AP26: N | AQ26: Y | AR26: N | AS26: N | AU26: rec_id R0418
A27: S026 | B27: Mehmet Bozdal; K. Ileri; Ali Özkahraman | C27: 2023 | D27: Comparative analysis of dimensionality reduction techniques for cybersecurity in the SWaT dataset | E27: Journal of Supercomputing | F27: Journal | G27: 10.1007/s11227-023-05511-w | H27: N | I27: N | J27: N | K27: N | L27: N | M27: Y | N27: Transformation | Q27: DT, CNN, LSTM/GRU/RNN, Autoencoder | R27: Y | S27: SWaT | T27: 1 | U27: N | V27: N | W27: Binary | X27: 100 | Y27: 1 | Z27: =IF(AND(ISNUMBER(X27),ISNUMBER(Y27),X27>0),1-Y27/X27,"") -> 0.99 | AA27: Not stated | AB27: Unclear | AC27: N | AD27: N | AE27: 98.69 | AF27: =IF(ISNUMBER(AE27),IF(AE27>99,"Y","N"),"") -> N | AG27: Y | AH27: N | AI27: N | AJ27: Y | AK27: N | AL27: N | AM27: N | AN27: N | AO27: N | AP27: N | AQ27: N | AR27: N | AS27: N | AU27: rec_id R0431
A28: S027 | B28: Archana Potnurwar; Vrushali K. Bongirwar; Samir N. Ajani; Prof. Nilesh Shelke; Mrunalee Dhone; Namita Parati | C28: 2023 | D28: Deep Learning-Based Rule-Based Feature Selection for Intrusion Detection in Industrial Internet of Things Networks | E28: International Journal of Intelligent Systems and Applications in Engineering | F28: Journal | H28: Y | I28: N | J28: N | K28: N | L28: Y | M28: Y | N28: Hybrid | Q28: RF, CNN | R28: Y | S28: NSL-KDD, UNSW-NB15 | T28: 2 | U28: N | V28: N | Z28: =IF(AND(ISNUMBER(X28),ISNUMBER(Y28),X28>0),1-Y28/X28,"") | AA28: Not stated | AB28: Unclear | AC28: N | AD28: N | AE28: 98.12 | AF28: =IF(ISNUMBER(AE28),IF(AE28>99,"Y","N"),"") -> N | AG28: Y | AH28: N | AI28: N | AJ28: N | AK28: N | AL28: N | AM28: N | AN28: N | AO28: N | AP28: N | AQ28: N | AR28: N | AS28: N | AU28: rec_id R0442
A29: S028 | B29: Ahmed S. Almasoud | C29: 2023 | D29: Enhanced Metaheuristics with Machine Learning Enabled Cyberattack Detection Model | E29: Intelligent Automation & Soft Computing | F29: Journal | G29: 10.32604/iasc.2023.039718 | H29: Y | I29: N | J29: Y | K29: N | L29: N | M29: Y | N29: Wrapper-meta | Q29: RF, SVM, DT, kNN, NB, LightGBM, MLP/ANN/DNN, CNN | R29: Y | S29: UNSW-NB15 | T29: 1 | U29: N | V29: N | W29: Multi-class | Z29: =IF(AND(ISNUMBER(X29),ISNUMBER(Y29),X29>0),1-Y29/X29,"") | AA29: k-fold CV | AB29: Unclear | AC29: N | AD29: N | AF29: =IF(ISNUMBER(AE29),IF(AE29>99,"Y","N"),"") | AG29: N | AH29: Y | AI29: N | AJ29: Y | AK29: N | AL29: N | AM29: N | AN29: N | AO29: N | AP29: N | AQ29: N | AR29: N | AS29: N | AU29: rec_id R0457
A30: S029 | B30: Universiti Tun Hussein Onn Malaysia; Sharifah Shahmim Syed Othman; Cik Feresa Mohd Foozy; Universiti Tun Hussein Onn Malaysia; Siti Noor Baini Mustafa; Book Hack Enterprise | C30: 2023 | D30: Feature Selection of Distributed Denial of Service (DDos) IoT Bot Attack Detection Using Machine Learning Techniques | E30: Journal of Soft Computing and Data Mining | F30: Journal | G30: 10.30880/jscdm.2023.04.01.006 | H30: Y | I30: N | J30: N | K30: N | L30: N | M30: N | N30: Filter | Q30: RF, DT, kNN, NB | R30: N | S30: Bot-IoT, TON_IoT | T30: 2 | U30: N | V30: N | Y30: 4 | Z30: =IF(AND(ISNUMBER(X30),ISNUMBER(Y30),X30>0),1-Y30/X30,"") | AA30: k-fold CV | AB30: Unclear | AC30: N | AD30: N | AE30: 97.506 | AF30: =IF(ISNUMBER(AE30),IF(AE30>99,"Y","N"),"") -> N | AG30: N | AH30: N | AI30: N | AJ30: N | AK30: Y | AL30: N | AM30: N | AN30: N | AO30: N | AP30: N | AQ30: N | AR30: N | AS30: N | AU30: rec_id R0475
A31: S030 | B31: USIC&T, G.G.S.I.P.U, New Delhi, India; Richa Singh; R. L. Ujjwal; USIC&T, G.G.S.I.P.U, New Delhi, India | C31: 2023 | D31: Feature selection using bio-inspired optimization for IoT intrusion detection and prevention system | E31: International Journal on Information Technologies and Security | F31: Journal | G31: 10.59035/oexi6498 | H31: N | I31: N | J31: Y | K31: N | L31: N | M31: N | N31: Wrapper-meta | Q31: XGBoost | R31: N | S31: Bot-IoT, IoTID20 | T31: 2 | U31: N | V31: N | W31: Multi-class | Z31: =IF(AND(ISNUMBER(X31),ISNUMBER(Y31),X31>0),1-Y31/X31,"") | AA31: Not stated | AB31: Unclear | AC31: N | AD31: N | AE31: 99.8 | AF31: =IF(ISNUMBER(AE31),IF(AE31>99,"Y","N"),"") -> Y | AG31: N | AH31: N | AI31: N | AJ31: Y | AK31: N | AL31: N | AM31: N | AN31: N | AO31: N | AP31: N | AQ31: N | AR31: N | AS31: N | AU31: rec_id R0477
A32: S031 | B32: Rekha Gangula; Murali Mohan Vutukuru; Ranjeeth Kumar M. | C32: 2023 | D32: Hybridization of Bottlenose Dolphin Optimization and Artificial Fish Swarm Algorithm with Efficient Classifier for Detecting the Network Intrusion in Internet of Things (IoT) | E32: International Journal of Intelligent Systems and Applications in Engineering | F32: Journal | H32: Y | I32: N | J32: Y | K32: N | L32: Y | M32: Y | N32: Wrapper-meta | Q32: kNN, MLP/ANN/DNN, CNN, LSTM/GRU/RNN | R32: Y | S32: NSL-KDD, UNSW-NB15 | T32: 2 | U32: N | V32: N | W32: Both | Z32: =IF(AND(ISNUMBER(X32),ISNUMBER(Y32),X32>0),1-Y32/X32,"") | AA32: Not stated | AB32: Unclear | AC32: N | AD32: N | AE32: 92 | AF32: =IF(ISNUMBER(AE32),IF(AE32>99,"Y","N"),"") -> N | AG32: Y | AH32: N | AI32: N | AJ32: Y | AK32: N | AL32: N | AM32: N | AN32: N | AO32: N | AP32: N | AQ32: N | AR32: N | AS32: N | AU32: rec_id R0490
A33: S032 | B33: Vu-Duc Ngo; Tuan-Cuong Vuong; Thien van Luong; H. Tran | C33: 2023 | D33: Machine learning-based intrusion detection: feature selection versus feature extraction | E33: Cluster Computing | F33: Journal | G33: 10.1007/s10586-023-04089-5 | H33: Y | I33: N | J33: Y | K33: N | L33: Y | M33: Y | N33: Filter | Q33: RF, SVM, DT, NB, MLP/ANN/DNN, LSTM/GRU/RNN, Autoencoder | R33: Y | S33: UNSW-NB15 | T33: 1 | U33: N | V33: N | W33: Both | Z33: =IF(AND(ISNUMBER(X33),ISNUMBER(Y33),X33>0),1-Y33/X33,"") | AA33: Not stated | AB33: Unclear | AC33: N | AD33: Y | AF33: =IF(ISNUMBER(AE33),IF(AE33>99,"Y","N"),"") | AG33: N | AH33: Y | AI33: N | AJ33: Y | AK33: Y | AL33: N | AM33: N | AN33: N | AO33: N | AP33: N | AQ33: N | AR33: N | AS33: N | AU33: rec_id R0534
A34: S033 | B34: Rekha Gangula; Murali Mohan Vutukuru; Ranjeeth Kumar M | C34: 2023 | D34: Network Intrusion Detection Method Using Stacked BILSTM Elastic Regression Classifier with Aquila Optimizer Algorithm for Internet of Things (IoT) | E34: International Journal on Recent and Innovation Trends in Computing and Communication | F34: Journal | G34: 10.17762/ijritcc.v11i2s.6035 | H34: N | I34: N | J34: Y | K34: Y | L34: N | M34: N | N34: Wrapper-meta | Q34: MLP/ANN/DNN, CNN, LSTM/GRU/RNN | R34: Y | S34: NSL-KDD, UNSW-NB15 | T34: 2 | U34: N | V34: N | W34: Both | Z34: =IF(AND(ISNUMBER(X34),ISNUMBER(Y34),X34>0),1-Y34/X34,"") | AA34: Not stated | AB34: Unclear | AC34: N | AD34: N | AE34: 97.2 | AF34: =IF(ISNUMBER(AE34),IF(AE34>99,"Y","N"),"") -> N | AG34: N | AH34: Y | AI34: N | AJ34: N | AK34: N | AL34: N | AM34: N | AN34: N | AO34: N | AP34: N | AQ34: N | AR34: N | AS34: N | AU34: rec_id R0542
A35: S034 | C35: 2023 | D35: Oppositional Coyote Optimization based Feature Selection with Deep Learning Model for Intrusion Detection in Fog-Assisted Wireless Sensor Network | E35: Acta Montanistica Slovaca | F35: Journal | G35: 10.46544/ams.v28i2.18 | H35: N | I35: N | J35: Y | K35: N | L35: N | M35: N | N35: Wrapper-meta | Q35: SVM, DT, AdaBoost, LSTM/GRU/RNN | R35: Y | S35: KDD Cup 99 | T35: 1 | U35: Y | V35: N | Z35: =IF(AND(ISNUMBER(X35),ISNUMBER(Y35),X35>0),1-Y35/X35,"") | AA35: Not stated | AB35: Unclear | AC35: N | AD35: N | AF35: =IF(ISNUMBER(AE35),IF(AE35>99,"Y","N"),"") | AG35: N | AH35: N | AI35: N | AJ35: Y | AK35: N | AL35: N | AM35: N | AN35: N | AO35: N | AP35: N | AQ35: N | AR35: N | AS35: N | AU35: rec_id R0544
A36: S035 | B36: Moody Alhanaya; K. Al-Shqeerat | C36: 2023 | D36: Performance Analysis of Intrusion Detection System in the IoT Environment Using Feature Selection Technique | E36: Intelligent Automation and Soft Computing | F36: Journal | G36: 10.32604/iasc.2023.036856 | H36: N | I36: N | J36: N | K36: Y | L36: N | M36: Y | N36: Embedded | Q36: RF, SVM, kNN | R36: N | S36: UNSW-NB15, Bot-IoT | T36: 2 | U36: N | V36: N | W36: Binary | Z36: =IF(AND(ISNUMBER(X36),ISNUMBER(Y36),X36>0),1-Y36/X36,"") | AA36: k-fold CV | AB36: Unclear | AC36: N | AD36: N | AF36: =IF(ISNUMBER(AE36),IF(AE36>99,"Y","N"),"") | AG36: N | AH36: N | AI36: N | AJ36: N | AK36: N | AL36: N | AM36: N | AN36: N | AO36: N | AP36: N | AQ36: N | AR36: N | AS36: N | AU36: rec_id R0555
A37: S036 | B37: Mohammed Sayeeduddin Habeeb; Tummala Ranga Babu | C37: 2024 | D37: A Two-Phase Feature Selection Technique using Information Gain and XGBoost-RFE for NIDS | E37: International Journal of Intelligent Systems and Applications in Engineering | F37: Journal | H37: Y | I37: Y | J37: N | K37: Y | L37: N | M37: N | N37: Hybrid | Q37: XGBoost, MLP/ANN/DNN, CNN, LSTM/GRU/RNN | R37: Y | S37: Bot-IoT | T37: 1 | U37: N | V37: N | W37: Binary | Y37: 16 | Z37: =IF(AND(ISNUMBER(X37),ISNUMBER(Y37),X37>0),1-Y37/X37,"") | AA37: Single hold-out | AB37: Unclear | AC37: N | AD37: Y | AE37: 99.8 | AF37: =IF(ISNUMBER(AE37),IF(AE37>99,"Y","N"),"") -> Y | AG37: Y | AH37: N | AI37: N | AJ37: N | AK37: N | AL37: N | AM37: N | AN37: N | AO37: N | AP37: N | AQ37: N | AR37: N | AS37: N | AU37: rec_id R0619
A38: S037 | B38: Hamdullah Karamollaoğlu; İbrahim Alper Doğru; İbrahim Yücedağ | C38: 2024 | D38: An Efficient Deep Learningbased Intrusion Detection System for Internet of Things Networks with Hybrid Feature Reduction and Data Balancing Techniques | E38: Information Technology And Control | F38: Journal | G38: 10.5755/j01.itc.53.1.34933 | H38: N | I38: N | J38: Y | K38: N | L38: N | M38: Y | N38: Hybrid | Q38: SVM, kNN, NB, LR, AdaBoost, CNN, LSTM/GRU/RNN | R38: Y | S38: Bot-IoT, IoTID20 | T38: 2 | U38: N | V38: N | W38: Multi-class | X38: 84 | Y38: 34 | Z38: =IF(AND(ISNUMBER(X38),ISNUMBER(Y38),X38>0),1-Y38/X38,"") -> 0.5952381 | AA38: k-fold CV | AB38: Unclear | AC38: N | AD38: N | AE38: 99.97 | AF38: =IF(ISNUMBER(AE38),IF(AE38>99,"Y","N"),"") -> Y | AG38: Y | AH38: Y | AI38: N | AJ38: Y | AK38: N | AL38: N | AM38: N | AN38: N | AO38: N | AP38: N | AQ38: N | AR38: N | AS38: N | AU38: rec_id R0653
A39: S038 | B39: Pinkey Chauhan; Mithilesh Atulkar | C39: 2024 | D39: An efficient attack detection approach for software defined Internet of Things using Jaya optimisation based feature selection technique | E39: International Journal of Communication Networks and Distributed Systems | F39: Journal | G39: 10.1504/ijcnds.2025.142985 | H39: N | I39: N | J39: Y | K39: N | L39: N | M39: N | N39: Wrapper-meta | Q39: DT, LSTM/GRU/RNN | R39: N | S39: Bot-IoT | T39: 1 | U39: N | V39: N | W39: Both | Y39: 6 | Z39: =IF(AND(ISNUMBER(X39),ISNUMBER(Y39),X39>0),1-Y39/X39,"") | AA39: k-fold CV | AB39: Unclear | AC39: N | AD39: Y | AE39: 98.908 | AF39: =IF(ISNUMBER(AE39),IF(AE39>99,"Y","N"),"") -> N | AG39: Y | AH39: N | AI39: N | AJ39: Y | AK39: Y | AL39: N | AM39: N | AN39: N | AO39: N | AP39: N | AQ39: N | AR39: N | AS39: N | AU39: rec_id R0674
A40: S039 | B40: Ved S. Bilaskar; Shyam V. Aradhye; Snehal S. Shinde; Deepak D. Kshirsagar; Pushparaj R. Nimbalkar | C40: 2024 | D40: An intrusion detection system for industrial IoT using chi-square feature selection | E40: Journal of Statistics and Management Systems | F40: Journal | G40: 10.47974/jsms-1303 | H40: Y | I40: Y | J40: Y | K40: N | L40: N | M40: N | N40: Filter | Q40: SVM | R40: N | S40: UNSW-NB15, Bot-IoT, Edge-IIoTset | T40: 3 | U40: N | V40: N | W40: Both | Y40: 20 | Z40: =IF(AND(ISNUMBER(X40),ISNUMBER(Y40),X40>0),1-Y40/X40,"") | AA40: k-fold CV | AB40: Unclear | AC40: N | AD40: Y | AE40: 97.5202 | AF40: =IF(ISNUMBER(AE40),IF(AE40>99,"Y","N"),"") -> N | AG40: Y | AH40: N | AI40: N | AJ40: N | AK40: Y | AL40: N | AM40: N | AN40: N | AO40: N | AP40: N | AQ40: N | AR40: N | AS40: N | AU40: rec_id R0683
A41: S040 | B41: Kashi Sai Prasad; E. Laxmi Lydia; Masina Venkata Rajesh; K. Radhika; Janjhyam Venkata Naga Ramesh; N. Neelima; Srinivasa Rao Pokuri | C41: 2024 | D41: Augmenting cybersecurity through attention based stacked autoencoder with optimization algorithm for detection and mitigation of attacks on IoT assisted networks | E41: Scientific Reports | F41: Journal | G41: 10.1038/s41598-024-81162-y | H41: N | I41: N | J41: Y | K41: N | L41: N | M41: Y | N41: Wrapper-meta | Q41: SVM, DT, kNN, MLP/ANN/DNN, CNN, Transformer/Attention, Autoencoder | R41: Y | S41: WSN-DS | T41: 1 | U41: N | V41: N | W41: Binary | Z41: =IF(AND(ISNUMBER(X41),ISNUMBER(Y41),X41>0),1-Y41/X41,"") | AA41: Not stated | AB41: Unclear | AC41: N | AD41: Y | AE41: 99.5 | AF41: =IF(ISNUMBER(AE41),IF(AE41>99,"Y","N"),"") -> Y | AG41: N | AH41: Y | AI41: Y | AJ41: N | AK41: N | AL41: N | AM41: N | AN41: N | AO41: N | AP41: N | AQ41: N | AR41: N | AS41: N | AU41: rec_id R0695
A42: S041 | B42: Jisha Jose; J. E. Judith | C42: 2024 | D42: Deep Learning Model with Normalized Bayesian Optimizer for Anomaly Classification in IoT Security | E42: International Journal of Electronics and Communication Engineering | F42: Journal | G42: 10.14445/23488549/ijece-v11i8p119 | H42: Y | I42: Y | J42: N | K42: N | L42: N | M42: Y | N42: Wrapper-seq | Q42: NB, CNN, LSTM/GRU/RNN | R42: Y | S42: IoT-23 | T42: 1 | U42: N | V42: N | W42: Multi-class | Z42: =IF(AND(ISNUMBER(X42),ISNUMBER(Y42),X42>0),1-Y42/X42,"") | AA42: Not stated | AB42: Unclear | AC42: N | AD42: N | AE42: 98.69 | AF42: =IF(ISNUMBER(AE42),IF(AE42>99,"Y","N"),"") -> N | AG42: N | AH42: Y | AI42: N | AJ42: N | AK42: N | AL42: N | AM42: N | AN42: N | AO42: N | AP42: Y | AQ42: N | AR42: N | AS42: N | AU42: rec_id R0719
A43: S042 | B43: Ameer Sameer Hamood Mohammed | C43: 2024 | D43: Detection and Prevention of Distributed Denial of Service (DDoS) Attacks using Metaheuristic and Machine Learning Techniques | E43: International Journal of Science and Research (IJSR) | F43: Journal | G43: 10.21275/sr241107015558 | H43: N | I43: N | J43: Y | K43: N | L43: N | M43: N | N43: Wrapper-meta | Q43: SVM, MLP/ANN/DNN | R43: Y | S43: KDD Cup 99, UNSW-NB15, CICIDS2017 | T43: 3 | U43: N | V43: N | W43: Binary | Z43: =IF(AND(ISNUMBER(X43),ISNUMBER(Y43),X43>0),1-Y43/X43,"") | AA43: Not stated | AB43: Unclear | AC43: N | AD43: N | AE43: 99.64 | AF43: =IF(ISNUMBER(AE43),IF(AE43>99,"Y","N"),"") -> Y | AG43: N | AH43: N | AI43: N | AJ43: N | AK43: Y | AL43: N | AM43: N | AN43: N | AO43: N | AP43: N | AQ43: N | AR43: N | AS43: N | AU43: rec_id R0724
A44: S043 | B44: J. García; Jorge Entrena; Álvaro Alesanco | C44: 2024 | D44: Empirical evaluation of feature selection methods for machine learning based intrusion detection in IoT scenarios | E44: Internet of Things | F44: Journal | G44: 10.1016/j.iot.2024.101367 | H44: Y | I44: Y | J44: N | K44: N | L44: N | M44: Y | N44: Wrapper-seq | Q44: RF, SVM, DT, kNN, NB, LR, MLP/ANN/DNN | R44: Y | S44: Bot-IoT, TON_IoT | T44: 2 | U44: N | V44: N | W44: Both | X44: 20 | Y44: 4 | Z44: =IF(AND(ISNUMBER(X44),ISNUMBER(Y44),X44>0),1-Y44/X44,"") -> 0.8 | AA44: Not stated | AB44: Unclear | AC44: N | AD44: Y | AF44: =IF(ISNUMBER(AE44),IF(AE44>99,"Y","N"),"") | AG44: N | AH44: N | AI44: N | AJ44: Y | AK44: Y | AL44: N | AM44: N | AN44: N | AO44: N | AP44: N | AQ44: N | AR44: N | AS44: N | AU44: rec_id R0741
A45: S044 | B45: R. Tino Merlin; R. Ravi | C45: 2024 | D45: Empowering Smart City IoT Network Intrusion Detection with Advanced Ensemble Learning-based Feature Selection | E45: International Journal of Electrical and Electronics Research | F45: Journal | G45: 10.37391/ijeer.120206 | H45: Y | I45: Y | J45: Y | K45: Y | L45: Y | M45: Y | N45: Embedded | Q45: SVM, DT | R45: N | S45: UNSW-NB15 | T45: 1 | U45: N | V45: N | W45: Binary | Y45: 10 | Z45: =IF(AND(ISNUMBER(X45),ISNUMBER(Y45),X45>0),1-Y45/X45,"") | AA45: k-fold CV | AB45: Unclear | AC45: N | AD45: Y | AE45: 96.6 | AF45: =IF(ISNUMBER(AE45),IF(AE45>99,"Y","N"),"") -> N | AG45: N | AH45: Y | AI45: Y | AJ45: Y | AK45: Y | AL45: N | AM45: N | AN45: N | AO45: N | AP45: N | AQ45: N | AR45: N | AS45: N | AU45: rec_id R0743
A46: S045 | B46: M. Hoang; N. V. Nguyen; T. Pham; Tram Nguyen; Tuan M. Dang; H. N. Nguyen | C46: 2024 | D46: Evaluating Dimensionality Reduction Methods for the Detection of Industrial IoT Attacks in Edge Computing | E46: International Journal of Computers Communications & Control | F46: Journal | G46: 10.15837/ijccc.2024.5.6767 | H46: Y | I46: N | J46: N | K46: N | L46: N | M46: Y | N46: Transformation | Q46: SVM, MLP/ANN/DNN | R46: Y | S46: Edge-IIoTset | T46: 1 | U46: N | V46: N | W46: Both | X46: 81 | Y46: 10 | Z46: =IF(AND(ISNUMBER(X46),ISNUMBER(Y46),X46>0),1-Y46/X46,"") -> 0.87654321 | AA46: Single hold-out | AB46: Unclear | AC46: N | AD46: N | AE46: 99.98 | AF46: =IF(ISNUMBER(AE46),IF(AE46>99,"Y","N"),"") -> Y | AG46: N | AH46: Y | AI46: N | AJ46: Y | AK46: Y | AL46: Y | AM46: N | AN46: N | AO46: N | AP46: N | AQ46: Y | AR46: N | AS46: N | AU46: rec_id R0789
A47: S046 | B47: K. Kavitha | C47: 2024 | D47: Feature Selection and Classification for Anomaly Detection in IoT Networks using Multi-layer Perceptron - Chaotic Ant Lion Optimization (MLP-CALO) Algorithm | E47: International Journal for Research in Applied Science and Engineering Technology | F47: Journal | G47: 10.22214/ijraset.2024.65236 | H47: Y | I47: N | J47: Y | K47: N | L47: Y | M47: N | N47: Wrapper-meta | Q47: kNN, MLP/ANN/DNN | R47: Y | S47: Private/unspecified | T47: 1 | U47: Y | V47: N | X47: 100 | Y47: 20 | Z47: =IF(AND(ISNUMBER(X47),ISNUMBER(Y47),X47>0),1-Y47/X47,"") -> 0.8 | AA47: Not stated | AB47: Unclear | AC47: Y | AD47: Y | AF47: =IF(ISNUMBER(AE47),IF(AE47>99,"Y","N"),"") | AG47: N | AH47: Y | AI47: N | AJ47: N | AK47: N | AL47: N | AM47: Y | AN47: N | AO47: N | AP47: N | AQ47: N | AR47: N | AS47: N | AU47: rec_id R0797
A48: S047 | B48: H. Kanakadurga Bella; S. Vasundra | C48: 2024 | D48: Healthcare Intrusion Detection using Hybrid Correlation-based Feature Selection-Bat Optimization Algorithm with Convolutional Neural Network | E48: International Journal of Advanced Computer Science and Applications | F48: Journal | G48: 10.14569/ijacsa.2024.0150166 | H48: Y | I48: N | J48: Y | K48: N | L48: Y | M48: Y | N48: Hybrid | Q48: SVM, kNN, MLP/ANN/DNN, CNN | R48: Y | S48: NSL-KDD, CICIDS2017 | T48: 2 | U48: Y | V48: N | Z48: =IF(AND(ISNUMBER(X48),ISNUMBER(Y48),X48>0),1-Y48/X48,"") | AA48: k-fold CV | AB48: Unclear | AC48: N | AD48: N | AE48: 99.45 | AF48: =IF(ISNUMBER(AE48),IF(AE48>99,"Y","N"),"") -> Y | AG48: Y | AH48: N | AI48: N | AJ48: Y | AK48: N | AL48: N | AM48: N | AN48: N | AO48: N | AP48: N | AQ48: N | AR48: N | AS48: N | AU48: rec_id R0817
A49: S048 | B49: Ram Ji; Neerendra Kumar; Devanand Padha | C49: 2024 | D49: Hybrid Enhanced Intrusion Detection Frameworks for Cyber-Physical Systems via Optimal Features Selection | E49: Indian Journal of Science and Technology | F49: Journal | G49: 10.17485/ijst/v17i30.1794 | H49: Y | I49: Y | J49: Y | K49: N | L49: Y | M49: N | N49: Filter | Q49: RF, SVM, DT, CNN | R49: Y | S49: NSL-KDD, CICIDS2017, CICIoT2023 | T49: 3 | U49: N | V49: N | W49: Both | X49: 46 | Y49: 22 | Z49: =IF(AND(ISNUMBER(X49),ISNUMBER(Y49),X49>0),1-Y49/X49,"") -> 0.52173913 | AA49: Not stated | AB49: Unclear | AC49: N | AD49: Y | AE49: 99.99 | AF49: =IF(ISNUMBER(AE49),IF(AE49>99,"Y","N"),"") -> Y | AG49: Y | AH49: N | AI49: N | AJ49: Y | AK49: Y | AL49: N | AM49: N | AN49: N | AO49: N | AP49: N | AQ49: N | AR49: N | AS49: Y | AU49: rec_id R0821
A50: S049 | B50: Ankita Sharma; Shalli Rani; Maha Driss | C50: 2024 | D50: Hybrid evolutionary machine learning model for advanced intrusion detection architecture for cyber threat identification | E50: PLoS ONE | F50: Journal | G50: 10.1371/journal.pone.0308206 | H50: Y | I50: N | J50: Y | K50: N | L50: Y | M50: Y | N50: Wrapper-meta | Q50: RF, SVM, DT, kNN, XGBoost, MLP/ANN/DNN | R50: Y | S50: UNSW-NB15, Bot-IoT | T50: 2 | U50: N | V50: N | W50: Both | Z50: =IF(AND(ISNUMBER(X50),ISNUMBER(Y50),X50>0),1-Y50/X50,"") | AA50: k-fold CV | AB50: Unclear | AC50: N | AD50: N | AE50: 96.12 | AF50: =IF(ISNUMBER(AE50),IF(AE50>99,"Y","N"),"") -> N | AG50: Y | AH50: N | AI50: N | AJ50: Y | AK50: N | AL50: N | AM50: N | AN50: N | AO50: N | AP50: N | AQ50: N | AR50: N | AS50: N | AU50: rec_id R0825
A51: S050 | B51: Nadia Alkhafaji; Thiago Viana; Ali Al-Sherbaz | C51: 2024 | D51: Integrated Genetic Algorithm and Deep Learning Approach for Effective Cyber-Attack Detection and Classification in Industrial Internet of Things (IIoT) Environments | E51: Arabian Journal for Science and Engineering | F51: Journal | G51: 10.1007/s13369-024-09663-6 | H51: Y | I51: N | J51: Y | K51: Y | L51: Y | M51: Y | N51: Wrapper-meta | Q51: RF, SVM, DT, MLP/ANN/DNN, LSTM/GRU/RNN | R51: Y | S51: UNSW-NB15 | T51: 1 | U51: N | V51: Y | W51: Both | X51: 97 | Y51: 95 | Z51: =IF(AND(ISNUMBER(X51),ISNUMBER(Y51),X51>0),1-Y51/X51,"") -> 0.020618557 | AA51: k-fold CV | AB51: Y | AC51: N | AD51: N | AE51: 94 | AF51: =IF(ISNUMBER(AE51),IF(AE51>99,"Y","N"),"") -> N | AG51: Y | AH51: N | AI51: N | AJ51: Y | AK51: Y | AL51: N | AM51: N | AN51: N | AO51: N | AP51: N | AQ51: N | AR51: N | AS51: N | AU51: rec_id R0840
A52: S051 | B52: Abdullah Hussain Abu Saq; A. Zainal; B. A. S. Al-rimy; Abdulrahman Alyami; H. Abosaq | C52: 2024 | D52: Intrusion Detection in IoT using Gaussian Fuzzy Mutual Information-based Feature Selection | E52: Engineering, Technology &amp; Applied Science Research | F52: Journal | G52: 10.48084/etasr.8268 | H52: Y | I52: N | J52: Y | K52: N | L52: N | M52: N | N52: Filter | Q52: CNN, LSTM/GRU/RNN | R52: Y | S52: WUSTL-IIoT | T52: 1 | U52: N | V52: N | X52: 40 | Y52: 5 | Z52: =IF(AND(ISNUMBER(X52),ISNUMBER(Y52),X52>0),1-Y52/X52,"") -> 0.875 | AA52: k-fold CV | AB52: Unclear | AC52: N | AD52: N | AE52: 96.2 | AF52: =IF(ISNUMBER(AE52),IF(AE52>99,"Y","N"),"") -> N | AG52: N | AH52: N | AI52: Y | AJ52: N | AK52: Y | AL52: N | AM52: N | AN52: N | AO52: N | AP52: N | AQ52: Y | AR52: N | AS52: N | AU52: rec_id R0853
A53: S052 | B53: B Shweta; Rawat Seema; Hima Bindu Maringanti | C53: 2024 | D53: Intrusion Detection with Ant Colony Optimization Based Feature Selection and XGboost Classifier | E53: International Journal of Performability Engineering | F53: Journal | G53: 10.23940/ijpe.24.11.p1.649657 | H53: N | I53: N | J53: Y | K53: N | L53: N | M53: Y | N53: Wrapper-meta | Q53: SVM, DT, XGBoost, MLP/ANN/DNN | R53: N | S53: NSL-KDD | T53: 1 | U53: Y | V53: N | Z53: =IF(AND(ISNUMBER(X53),ISNUMBER(Y53),X53>0),1-Y53/X53,"") | AA53: Single hold-out | AB53: Unclear | AC53: N | AD53: N | AE53: 99.6 | AF53: =IF(ISNUMBER(AE53),IF(AE53>99,"Y","N"),"") -> Y | AG53: Y | AH53: N | AI53: N | AJ53: Y | AK53: N | AL53: N | AM53: N | AN53: N | AO53: N | AP53: N | AQ53: N | AR53: N | AS53: N | AU53: rec_id R0855
A54: S053 | B54: Gulab Sah; Sweety Singh; Subhasish Banerjee | C54: 2024 | D54: Intrusion detection system using classification algorithms with feature selection mechanism over real-time data traffic | E54: China Communications | F54: Journal | G54: 10.23919/jcc.fa.2022-0076.202409 | H54: Y | I54: Y | J54: N | K54: Y | L54: N | M54: N | N54: Wrapper-seq | Q54: RF, SVM, DT, kNN, NB, LSTM/GRU/RNN | R54: N | S54: NSL-KDD, CICIDS2017 | T54: 2 | U54: Y | V54: N | W54: Both | Z54: =IF(AND(ISNUMBER(X54),ISNUMBER(Y54),X54>0),1-Y54/X54,"") | AA54: k-fold CV | AB54: Unclear | AC54: N | AD54: Y | AE54: 99.91 | AF54: =IF(ISNUMBER(AE54),IF(AE54>99,"Y","N"),"") -> Y | AG54: N | AH54: N | AI54: N | AJ54: Y | AK54: Y | AL54: Y | AM54: N | AN54: N | AO54: N | AP54: N | AQ54: N | AR54: N | AS54: N | AU54: rec_id R0858
A55: S054 | B55: J. I. Christy Eunaicy; C. Jayapratha; H. Salome Hema Chitra | C55: 2024 | D55: IoT Guardian: A Novel Feature Discovery and Cooperative Game Theory Empowered Feature Selection with ML Model for IoT Threats & Attack Detection | E55: International journal of Computer Networks & Communications | F55: Journal | G55: 10.5121/ijcnc.2024.16202 | H55: N | I55: N | J55: Y | K55: N | L55: N | M55: Y | N55: Embedded | Q55: RF, SVM, DT, Autoencoder | R55: Y | S55: CICIoT2023 | T55: 1 | U55: N | V55: N | W55: Multi-class | Z55: =IF(AND(ISNUMBER(X55),ISNUMBER(Y55),X55>0),1-Y55/X55,"") | AA55: Not stated | AB55: Unclear | AC55: N | AD55: Y | AE55: 99 | AF55: =IF(ISNUMBER(AE55),IF(AE55>99,"Y","N"),"") -> N | AG55: N | AH55: N | AI55: N | AJ55: Y | AK55: N | AL55: N | AM55: N | AN55: N | AO55: N | AP55: N | AQ55: Y | AR55: Y | AS55: N | AU55: rec_id R0861
A56: S055 | B56: Weizhe Chen; Hongyu Yang; Lihua Yin; Xi Luo | C56: 2024 | D56: Large-scale IoT attack detection scheme based on LightGBM and feature selection using an improved salp swarm algorithm | E56: Scientific Reports | F56: Journal | G56: 10.1038/s41598-024-69968-2 | H56: Y | I56: N | J56: Y | K56: Y | L56: N | M56: Y | N56: Wrapper-meta | Q56: RF, SVM, DT, kNN, XGBoost, LightGBM, CatBoost | R56: N | S56: NSL-KDD, CICIoT2023 | T56: 2 | U56: N | V56: N | W56: Both | Z56: =IF(AND(ISNUMBER(X56),ISNUMBER(Y56),X56>0),1-Y56/X56,"") | AA56: k-fold CV | AB56: Y | AC56: Y | AD56: Y | AE56: 99.7 | AF56: =IF(ISNUMBER(AE56),IF(AE56>99,"Y","N"),"") -> Y | AG56: Y | AH56: N | AI56: Y | AJ56: Y | AK56: Y | AL56: Y | AM56: N | AN56: N | AO56: N | AP56: N | AQ56: Y | AR56: Y | AS56: N | AU56: rec_id R0868
A57: S056 | B57: Valavan Woothukadu Thirumaran; Nalini Joseph; Umarani Srikanth | C57: 2024 | D57: Levy Flight – Pelican Optimization Algorithm Based Refined Long Short-Term Memory for Network Intrusion Detection System | E57: International Journal of Intelligent Systems and Applications in Engineering | F57: Journal | H57: N | I57: N | J57: Y | K57: N | L57: N | M57: N | N57: Wrapper-meta | Q57: AdaBoost, MLP/ANN/DNN, CNN, LSTM/GRU/RNN | R57: Y | S57: NSL-KDD, UNSW-NB15, CICIDS2017, Bot-IoT | T57: 4 | U57: N | V57: N | W57: Binary | Z57: =IF(AND(ISNUMBER(X57),ISNUMBER(Y57),X57>0),1-Y57/X57,"") | AA57: Not stated | AB57: Unclear | AC57: N | AD57: N | AE57: 99.77 | AF57: =IF(ISNUMBER(AE57),IF(AE57>99,"Y","N"),"") -> Y | AG57: Y | AH57: N | AI57: N | AJ57: N | AK57: N | AL57: N | AM57: N | AN57: N | AO57: N | AP57: N | AQ57: N | AR57: N | AS57: N | AU57: rec_id R0871
A58: S057 | B58: Oladimeji Agbolade Sofoluwe; Info Technologies; Pvt Ltd; T. Manojkumar | C58: 2024 | D58: Mahalanobis City Block distance-rider Optimization Algorithm-Based Neural Network enabled intrusion detection in the Internet of Things | E58: Journal of Networking and Communication Systems (JNACS) | F58: Journal | G58: 10.46253/jnacs.v7i4.a4 | H58: N | I58: N | J58: Y | K58: N | L58: N | M58: N | N58: Wrapper-meta | Q58: MLP/ANN/DNN | R58: Y | S58: NSL-KDD | T58: 1 | U58: Y | V58: N | W58: Binary | Z58: =IF(AND(ISNUMBER(X58),ISNUMBER(Y58),X58>0),1-Y58/X58,"") | AA58: Not stated | AB58: Unclear | AC58: N | AD58: N | AE58: 92.574 | AF58: =IF(ISNUMBER(AE58),IF(AE58>99,"Y","N"),"") -> N | AG58: Y | AH58: N | AI58: N | AJ58: N | AK58: Y | AL58: N | AM58: N | AN58: N | AO58: N | AP58: N | AQ58: N | AR58: N | AS58: N | AU58: rec_id R0882
A59: S058 | B59: Dhyaa Hasan Khamees; Essa Ibrahim Essa | C59: 2024 | D59: Minimizing time complexity for IOT-IDS based feature selection approach | E59: International Journal of Communication and Information Technology | F59: Journal | G59: 10.33545/2707661x.2024.v5.i1b.82 | H59: N | I59: Y | J59: N | K59: N | L59: N | M59: N | N59: Embedded | Q59: RF, SVM, DT, kNN, LR | R59: N | S59: UNSW-NB15 | T59: 1 | U59: N | V59: N | X59: 43 | Y59: 20 | Z59: =IF(AND(ISNUMBER(X59),ISNUMBER(Y59),X59>0),1-Y59/X59,"") -> 0.53488372 | AA59: Not stated | AB59: Unclear | AC59: N | AD59: Y | AE59: 95 | AF59: =IF(ISNUMBER(AE59),IF(AE59>99,"Y","N"),"") -> N | AG59: N | AH59: N | AI59: N | AJ59: Y | AK59: Y | AL59: N | AM59: N | AN59: N | AO59: N | AP59: N | AQ59: N | AR59: N | AS59: N | AU59: rec_id R0885
A60: S059 | B60: Vineeta Shrivastava | C60: 2024 | D60: Mitigating Generic Attacks for Intrusion Detection System Based on CGAN and FIPSO Using UNSW-NB 15 Dataset | E60: International Journal of Intelligent Systems and Applications in Engineering | F60: Journal | H60: Y | I60: N | J60: Y | K60: Y | L60: Y | M60: N | N60: Wrapper-meta | Q60: RF, DT, XGBoost, MLP/ANN/DNN, CNN, LSTM/GRU/RNN | R60: Y | S60: UNSW-NB15 | T60: 1 | U60: N | V60: N | W60: Both | Z60: =IF(AND(ISNUMBER(X60),ISNUMBER(Y60),X60>0),1-Y60/X60,"") | AA60: k-fold CV | AB60: Unclear | AC60: N | AD60: N | AE60: 96 | AF60: =IF(ISNUMBER(AE60),IF(AE60>99,"Y","N"),"") -> N | AG60: N | AH60: N | AI60: N | AJ60: Y | AK60: N | AL60: N | AM60: N | AN60: N | AO60: N | AP60: N | AQ60: N | AR60: N | AS60: N | AU60: rec_id R0886
A61: S060 | B61: Vinoth Kumar Kalimuthu; Rajakani Velumani | C61: 2024 | D61: Modeling of Intrusion Detection System Using Double Adaptive Weighting Arithmetic Optimization Algorithm with Deep Learning on Internet of Things Environment | E61: Brazilian Archives of Biology and Technology | F61: Journal | G61: 10.1590/1678-4324-2024231010 | H61: N | I61: N | J61: Y | K61: N | L61: N | M61: N | N61: Wrapper-meta | Q61: MLP/ANN/DNN, CNN, LSTM/GRU/RNN | R61: Y | S61: Bot-IoT | T61: 1 | U61: N | V61: N | W61: Binary | Z61: =IF(AND(ISNUMBER(X61),ISNUMBER(Y61),X61>0),1-Y61/X61,"") | AA61: Not stated | AB61: Unclear | AC61: N | AD61: N | AF61: =IF(ISNUMBER(AE61),IF(AE61>99,"Y","N"),"") | AG61: N | AH61: N | AI61: N | AJ61: N | AK61: N | AL61: N | AM61: N | AN61: N | AO61: N | AP61: N | AQ61: N | AR61: N | AS61: N | AU61: rec_id R0889
A62: S061 | B62: Ye-Seul Kil; Yu-Ran Jeon; Sun-Jin Lee; Il-Gu Lee | C62: 2024 | D62: Multi-Binary Classifiers Using Optimal Feature Selection for Memory-Saving Intrusion Detection Systems | E62: Computer Modeling in Engineering & Sciences | F62: Journal | G62: 10.32604/cmes.2024.052637 | H62: N | I62: N | J62: Y | K62: Y | L62: N | M62: N | N62: Embedded | Q62: SVM, kNN, MLP/ANN/DNN, CNN | R62: Y | S62: KDD Cup 99 | T62: 1 | U62: Y | V62: N | W62: Both | Z62: =IF(AND(ISNUMBER(X62),ISNUMBER(Y62),X62>0),1-Y62/X62,"") | AA62: k-fold CV | AB62: Unclear | AC62: N | AD62: Y | AE62: 88.05 | AF62: =IF(ISNUMBER(AE62),IF(AE62>99,"Y","N"),"") -> N | AG62: N | AH62: Y | AI62: N | AJ62: Y | AK62: Y | AL62: Y | AM62: N | AN62: N | AO62: N | AP62: N | AQ62: N | AR62: N | AS62: N | AU62: rec_id R0891
A63: S062 | B63: Mohammed Tawfik | C63: 2024 | D63: Optimized intrusion detection in IoT and fog computing using ensemble learning and advanced feature selection | E63: PLoS ONE | F63: Journal | G63: 10.1371/journal.pone.0304082 | H63: Y | I63: N | J63: Y | K63: Y | L63: Y | M63: Y | N63: Hybrid | Q63: CatBoost, MLP/ANN/DNN, CNN, LSTM/GRU/RNN, Transformer/Attention, Autoencoder | R63: Y | S63: NSL-KDD, UNSW-NB15, AWID | T63: 3 | U63: N | V63: Y | W63: Both | X63: 8 | Y63: 5 | Z63: =IF(AND(ISNUMBER(X63),ISNUMBER(Y63),X63>0),1-Y63/X63,"") -> 0.375 | AA63: k-fold CV | AB63: Unclear | AC63: N | AD63: N | AE63: 99 | AF63: =IF(ISNUMBER(AE63),IF(AE63>99,"Y","N"),"") -> N | AG63: Y | AH63: Y | AI63: N | AJ63: N | AK63: Y | AL63: Y | AM63: N | AN63: N | AO63: N | AP63: N | AQ63: Y | AR63: N | AS63: N | AU63: rec_id R0915
A64: S063 | B64: Eko Arip Winanto; Kurniabudi Kurniabudi; Sharipuddin Sharipuddin | C64: 2024 | D64: Optimizing Autoencoder-Based Feature Selection for Attack Detection in IoT Networks via Machine Learning Approaches | E64: Bulletin of Informatics and Data Science | F64: Journal | G64: 10.61944/bids.v3i2.104 | H64: Y | I64: Y | J64: N | K64: Y | L64: N | M64: Y | N64: Transformation | Q64: SVM, kNN, NB, Autoencoder | R64: Y | S64: NSL-KDD | T64: 1 | U64: Y | V64: N | X64: 46 | Y64: 32 | Z64: =IF(AND(ISNUMBER(X64),ISNUMBER(Y64),X64>0),1-Y64/X64,"") -> 0.30434783 | AA64: Single hold-out | AB64: Unclear | AC64: N | AD64: N | AE64: 93.47 | AF64: =IF(ISNUMBER(AE64),IF(AE64>99,"Y","N"),"") -> N | AG64: N | AH64: Y | AI64: N | AJ64: Y | AK64: N | AL64: N | AM64: N | AN64: N | AO64: N | AP64: N | AQ64: N | AR64: N | AS64: N | AU64: rec_id R0916
A65: S064 | B65: Hadeel Qasem Gheni; Wed Kadhim Oleiwi; Zahraa Al-Barmani; Mohammed A. M. Alabdali | C65: 2024 | D65: Optimizing Feature Selection for Intrusion Detection: A Hybrid Approach Using Cuckoo Search and Particle Swarm Optimization | E65: International Journal of Safety and Security Engineering | F65: Journal | G65: 10.18280/ijsse.140624 | H65: Y | I65: Y | J65: Y | K65: N | L65: Y | M65: N | N65: Wrapper-meta | Q65: RF, LR, AdaBoost, MLP/ANN/DNN | R65: Y | S65: CICIoT2023 | T65: 1 | U65: N | V65: N | W65: Both | Z65: =IF(AND(ISNUMBER(X65),ISNUMBER(Y65),X65>0),1-Y65/X65,"") | AA65: Single hold-out | AB65: Unclear | AC65: N | AD65: N | AE65: 99.57 | AF65: =IF(ISNUMBER(AE65),IF(AE65>99,"Y","N"),"") -> Y | AG65: Y | AH65: N | AI65: N | AJ65: N | AK65: N | AL65: N | AM65: N | AN65: N | AO65: N | AP65: N | AQ65: N | AR65: N | AS65: N | AU65: rec_id R0919
A66: S065 | B66: Muhammad Bisri Musthafa; Samsul Huda; Yuta Kodera; Md. Arshad Ali; Shunsuke Araki; Jedidah Mwaura; Yasuyuki Nogami | C66: 2024 | D66: Optimizing IoT Intrusion Detection Using Balanced Class Distribution, Feature Selection, and Ensemble Machine Learning Techniques | E66: Sensors | F66: Journal | G66: 10.3390/s24134293 | H66: Y | I66: N | J66: N | K66: Y | L66: N | M66: N | N66: Filter | Q66: SVM, XGBoost, LSTM/GRU/RNN | R66: Y | S66: NSL-KDD, UNSW-NB15 | T66: 2 | U66: N | V66: N | W66: Binary | X66: 10 | Y66: 2 | Z66: =IF(AND(ISNUMBER(X66),ISNUMBER(Y66),X66>0),1-Y66/X66,"") -> 0.8 | AA66: k-fold CV | AB66: Unclear | AC66: Y | AD66: Y | AE66: 99 | AF66: =IF(ISNUMBER(AE66),IF(AE66>99,"Y","N"),"") -> N | AG66: Y | AH66: Y | AI66: Y | AJ66: Y | AK66: Y | AL66: Y | AM66: N | AN66: Y | AO66: N | AP66: N | AQ66: N | AR66: N | AS66: N | AU66: rec_id R0923
A67: S066 | B67: Zaher Salah; E. Elsoud; Waleed T. Al-Sit; Esraa Alhenawi; F. Alshraiedeh; N. Alshdaifat | C67: 2024 | D67: Optimizing intrusion detection in 5G networks using dimensionality reduction techniques | E67: International Journal of Electrical and Computer Engineering (IJECE) | F67: Journal | G67: 10.11591/ijece.v14i5.pp5652-5671 | H67: Y | I67: N | J67: Y | K67: N | L67: N | M67: N | N67: Filter | Q67: SVM, DT, kNN, NB, LR, MLP/ANN/DNN | R67: N | S67: AWID | T67: 1 | U67: Y | V67: N | W67: Both | Z67: =IF(AND(ISNUMBER(X67),ISNUMBER(Y67),X67>0),1-Y67/X67,"") | AA67: k-fold CV | AB67: Unclear | AC67: N | AD67: Y | AE67: 99 | AF67: =IF(ISNUMBER(AE67),IF(AE67>99,"Y","N"),"") -> N | AG67: N | AH67: N | AI67: N | AJ67: N | AK67: Y | AL67: N | AM67: N | AN67: N | AO67: N | AP67: N | AQ67: N | AR67: N | AS67: N | AU67: rec_id R0925
A68: S067 | B68: Imane Laassar; Youssef Hadi; Arifullah Arifullah; Remmach Hassnae; Fawad Salam Khan | C68: 2024 | D68: Proposed algorithm base optimisation plan for feature selection-based intrusion detection in cloud computing | E68: Indonesian Journal of Electrical Engineering and Computer Science | F68: Journal | G68: 10.11591/ijeecs.v33.i2.pp1140-1149 | H68: N | I68: N | J68: Y | K68: N | L68: N | M68: N | N68: Wrapper-meta | Q68: MLP/ANN/DNN, CNN | R68: Y | S68: NSL-KDD | T68: 1 | U68: Y | V68: N | W68: Both | X68: 32 | Y68: 10 | Z68: =IF(AND(ISNUMBER(X68),ISNUMBER(Y68),X68>0),1-Y68/X68,"") -> 0.6875 | AA68: Not stated | AB68: Unclear | AC68: N | AD68: Y | AE68: 98 | AF68: =IF(ISNUMBER(AE68),IF(AE68>99,"Y","N"),"") -> N | AG68: Y | AH68: N | AI68: N | AJ68: N | AK68: N | AL68: N | AM68: N | AN68: N | AO68: N | AP68: N | AQ68: N | AR68: N | AS68: N | AU68: rec_id R0931
A69: S068 | B69: Imane Laassar; Youssef Hadi | C69: 2024 | D69: Proposed algorithm base optimization scheme for intrusion detection using feature selection | E69: International Journal of Advances in Applied Sciences | F69: Journal | G69: 10.11591/ijaas.v13.i1.pp24-32 | H69: N | I69: N | J69: Y | K69: N | L69: N | M69: N | N69: Wrapper-meta | Q69: RF, MLP/ANN/DNN, CNN | R69: Y | S69: NSL-KDD | T69: 1 | U69: Y | V69: N | W69: Both | X69: 32 | Y69: 10 | Z69: =IF(AND(ISNUMBER(X69),ISNUMBER(Y69),X69>0),1-Y69/X69,"") -> 0.6875 | AA69: Not stated | AB69: Unclear | AC69: N | AD69: N | AE69: 98 | AF69: =IF(ISNUMBER(AE69),IF(AE69>99,"Y","N"),"") -> N | AG69: Y | AH69: N | AI69: N | AJ69: N | AK69: N | AL69: N | AM69: N | AN69: N | AO69: N | AP69: N | AQ69: N | AR69: N | AS69: N | AU69: rec_id R0932
A70: S069 | B70: Mohammad Al-Omari; Qasem S. Abu Al-Haija | C70: 2024 | D70: Towards Robust IDSs: An Integrated Approach of Hybrid Feature Selection and Machine Learning | E70: Journal of Internet Services and Information Security | F70: Journal | G70: 10.58346/jisis.2024.i2.004 | H70: Y | I70: Y | J70: N | K70: N | L70: Y | M70: N | N70: Hybrid | Q70: SVM, DT, kNN, LR | R70: N | S70: UNSW-NB15 | T70: 1 | U70: N | V70: N | W70: Binary | X70: 42 | Y70: 39 | Z70: =IF(AND(ISNUMBER(X70),ISNUMBER(Y70),X70>0),1-Y70/X70,"") -> 0.071428571 | AA70: k-fold CV | AB70: Unclear | AC70: N | AD70: Y | AE70: 97.76 | AF70: =IF(ISNUMBER(AE70),IF(AE70>99,"Y","N"),"") -> N | AG70: N | AH70: Y | AI70: N | AJ70: Y | AK70: N | AL70: N | AM70: N | AN70: N | AO70: N | AP70: N | AQ70: N | AR70: N | AS70: N | AU70: rec_id R0967
A71: S070 | B71: Ahmed Saeed Alfakeeh | C71: 2025 | D71: A Blockchain-Enabled IoT Framework for Secure Attack Detection and Advanced Feature Selection in Smart Healthcare | E71: Engineering Technology & Applied Science Research | F71: Journal | G71: 10.48084/etasr.13349 | H71: Y | I71: N | J71: Y | K71: N | L71: N | M71: Y | N71: Filter | Q71: kNN, XGBoost, CNN, LSTM/GRU/RNN, Autoencoder | R71: Y | S71: TON_IoT | T71: 1 | U71: N | V71: N | W71: Multi-class | Z71: =IF(AND(ISNUMBER(X71),ISNUMBER(Y71),X71>0),1-Y71/X71,"") | AA71: Not stated | AB71: Unclear | AC71: N | AD71: N | AE71: 99.48 | AF71: =IF(ISNUMBER(AE71),IF(AE71>99,"Y","N"),"") -> Y | AG71: N | AH71: N | AI71: N | AJ71: N | AK71: N | AL71: N | AM71: N | AN71: N | AO71: N | AP71: N | AQ71: N | AR71: N | AS71: N | AU71: rec_id R0979
A72: S071 | B72: Hidangmayum Satyajeet Sharma; Khundrakpam Johnson Singh | C72: 2025 | D72: A Genetic Algorithm based Feature Selection and CNN based Ensemble Model for Intrusion Detection in IoT Smart Environments | E72: Journal of Scientific & Industrial Research | F72: Journal | G72: 10.56042/jsir.v84i1.11616 | H72: N | I72: N | J72: Y | K72: Y | L72: N | M72: N | N72: Wrapper-meta | Q72: CNN | R72: Y | S72: UNSW-NB15, CICIoT2023 | T72: 2 | U72: N | V72: N | W72: Both | Z72: =IF(AND(ISNUMBER(X72),ISNUMBER(Y72),X72>0),1-Y72/X72,"") | AA72: k-fold CV | AB72: Unclear | AC72: N | AD72: N | AE72: 99.18 | AF72: =IF(ISNUMBER(AE72),IF(AE72>99,"Y","N"),"") -> Y | AG72: N | AH72: Y | AI72: N | AJ72: Y | AK72: Y | AL72: N | AM72: N | AN72: N | AO72: N | AP72: N | AQ72: N | AR72: N | AS72: N | AU72: rec_id R0995
A73: S072 | B73: Jyoti Mante; Kishor R. Kolhe | C73: 2025 | D73: A Novel DDoS detection framework leveraging hybrid binary grey wolf optimization and explainable AI | E73: Journal of Information and Optimization Sciences | F73: Journal | G73: 10.47974/jios-1960 | H73: Y | I73: N | J73: Y | K73: Y | L73: Y | M73: N | N73: Wrapper-meta | Q73: RF, SVM, DT, kNN, XGBoost, AdaBoost | R73: N | S73: Bot-IoT | T73: 1 | U73: N | V73: N | W73: Binary | Y73: 30 | Z73: =IF(AND(ISNUMBER(X73),ISNUMBER(Y73),X73>0),1-Y73/X73,"") | AA73: k-fold CV | AB73: Unclear | AC73: N | AD73: N | AE73: 99.9 | AF73: =IF(ISNUMBER(AE73),IF(AE73>99,"Y","N"),"") -> Y | AG73: N | AH73: N | AI73: Y | AJ73: N | AK73: N | AL73: N | AM73: N | AN73: N | AO73: N | AP73: N | AQ73: Y | AR73: Y | AS73: N | AU73: rec_id R1031
A74: S073 | B74: Nadia Ansar; Suraiya Parveen; I. Khan; Bhavya Alankar | C74: 2025 | D74: A Scalable Hybrid RF-BiLSTM Framework for Reliable IoT Traffic Threat Detection via Feature Selection and Temporal Pattern Recognition | E74: EAI Endorsed Transactions on Internet of Things | F74: Journal | G74: 10.4108/eetiot.10283 | H74: N | I74: N | J74: Y | K74: Y | L74: Y | M74: Y | N74: Embedded | Q74: RF, SVM, DT, kNN, XGBoost, CNN, LSTM/GRU/RNN, Transformer/Attention | R74: Y | S74: IoT-23, Kaggle (unspecified) | T74: 2 | U74: N | V74: N | W74: Both | Z74: =IF(AND(ISNUMBER(X74),ISNUMBER(Y74),X74>0),1-Y74/X74,"") | AA74: k-fold CV | AB74: Unclear | AC74: N | AD74: N | AE74: 99.995 | AF74: =IF(ISNUMBER(AE74),IF(AE74>99,"Y","N"),"") -> Y | AG74: Y | AH74: N | AI74: N | AJ74: Y | AK74: Y | AL74: N | AM74: N | AN74: N | AO74: Y | AP74: N | AQ74: N | AR74: N | AS74: N | AU74: rec_id R1045
A75: S074 | B75: Fayaz Hassan; Zafi Sherhan Syed; Aftab Ahmed Memon; Saad Said Alqahtany; Nadeem Ahmed; Mana Saleh Al Reshan; Yousef Asiri; Asadullah Shaikh | C75: 2025 | D75: A hybrid approach for intrusion detection in vehicular networks using feature selection and dimensionality reduction with optimized deep learning | E75: PLoS ONE | F75: Journal | G75: 10.1371/journal.pone.0312752 | H75: Y | I75: N | J75: N | K75: N | L75: N | M75: Y | N75: Hybrid | Q75: MLP/ANN/DNN, CNN, LSTM/GRU/RNN | R75: Y | S75: CICIDS2017 | T75: 1 | U75: Y | V75: N | W75: Both | X75: 70 | Y75: 25 | Z75: =IF(AND(ISNUMBER(X75),ISNUMBER(Y75),X75>0),1-Y75/X75,"") -> 0.64285714 | AA75: Single hold-out | AB75: Unclear | AC75: N | AD75: Y | AE75: 98.73 | AF75: =IF(ISNUMBER(AE75),IF(AE75>99,"Y","N"),"") -> N | AG75: N | AH75: Y | AI75: N | AJ75: N | AK75: N | AL75: Y | AM75: N | AN75: N | AO75: N | AP75: N | AQ75: N | AR75: N | AS75: N | AU75: rec_id R1055
A76: S075 | B76: Md. Alamin Talukder; Majdi Khalid; Nasrin Sultana | C76: 2025 | D76: A hybrid machine learning model for intrusion detection in wireless sensor networks leveraging data balancing and dimensionality reduction | E76: Scientific Reports | F76: Journal | G76: 10.1038/s41598-025-87028-1 | H76: Y | I76: N | J76: N | K76: N | L76: N | M76: Y | N76: Transformation | Q76: RF, DT, XGBoost, LightGBM, CatBoost, CNN | R76: Y | S76: TON_IoT, WSN-DS | T76: 2 | U76: N | V76: N | W76: Both | Z76: =IF(AND(ISNUMBER(X76),ISNUMBER(Y76),X76>0),1-Y76/X76,"") | AA76: k-fold CV | AB76: Unclear | AC76: N | AD76: N | AE76: 99.97 | AF76: =IF(ISNUMBER(AE76),IF(AE76>99,"Y","N"),"") -> Y | AG76: Y | AH76: Y | AI76: N | AJ76: Y | AK76: Y | AL76: Y | AM76: N | AN76: N | AO76: N | AP76: N | AQ76: N | AR76: N | AS76: N | AU76: rec_id R1059
A77: S076 | B77: Dainan Zhang; Dehui Huang; Yanying Chen; Songquan Lin; Chuxuan Li | C77: 2025 | D77: A lightweight IoT intrusion detection method based on two-stage feature selection and Bayesian optimization | E77: AIMS Electronics and Electrical Engineering | F77: Journal | G77: 10.3934/electreng.2025017 | H77: Y | I77: Y | J77: Y | K77: N | L77: Y | M77: Y | N77: Hybrid | Q77: SVM, DT, XGBoost, LightGBM, CatBoost, MLP/ANN/DNN | R77: Y | S77: UNSW-NB15, TON_IoT | T77: 2 | U77: N | V77: Y | W77: Binary | Z77: =IF(AND(ISNUMBER(X77),ISNUMBER(Y77),X77>0),1-Y77/X77,"") | AA77: k-fold CV | AB77: Unclear | AC77: Y | AD77: Y | AE77: 97.223 | AF77: =IF(ISNUMBER(AE77),IF(AE77>99,"Y","N"),"") -> N | AG77: N | AH77: N | AI77: N | AJ77: Y | AK77: Y | AL77: Y | AM77: Y | AN77: N | AO77: Y | AP77: N | AQ77: N | AR77: N | AS77: N | AU77: rec_id R1061
A78: S077 | B78: S Kumar Reddy Mallidi; Rajeswara Rao Ramisetty | C78: 2025 | D78: A multi-level intrusion detection system for industrial IoT using bowerbird courtship-inspired feature selection and hybrid data balancing | E78: Discover Computing | F78: Journal | G78: 10.1007/s10791-025-09632-z | H78: Y | I78: Y | J78: Y | K78: Y | L78: Y | M78: N | N78: Wrapper-seq | Q78: SVM, kNN, LR, XGBoost, MLP/ANN/DNN, CNN, LSTM/GRU/RNN | R78: Y | S78: WUSTL-IIoT | T78: 1 | U78: N | V78: Y | W78: Binary | Z78: =IF(AND(ISNUMBER(X78),ISNUMBER(Y78),X78>0),1-Y78/X78,"") | AA78: Single hold-out | AB78: Unclear | AC78: N | AD78: Y | AE78: 99.99 | AF78: =IF(ISNUMBER(AE78),IF(AE78>99,"Y","N"),"") -> Y | AG78: Y | AH78: N | AI78: N | AJ78: Y | AK78: Y | AL78: N | AM78: N | AN78: Y | AO78: N | AP78: Y | AQ78: N | AR78: N | AS78: N | AU78: rec_id R1065
A79: S078 | B79: Tarek Abid; Ahmed Ahmim; Faiz Maazouzi; Djalel Chefrour; Insaf Ullah; Marwa Ahmim; Reham Almukhlifi | C79: 2025 | D79: A novel IoT threat detection using GWO feature selection and CNN-enhanced LightGBM | E79: Journal of Cloud Computing Advances Systems and Applications | F79: Journal | G79: 10.1186/s13677-025-00785-2 | H79: N | I79: N | J79: Y | K79: N | L79: N | M79: Y | N79: Wrapper-meta | Q79: RF, SVM, DT, LightGBM, MLP/ANN/DNN, CNN, LSTM/GRU/RNN | R79: Y | S79: CICIoT2023, CICIoMT2024 | T79: 2 | U79: N | V79: Y | W79: Both | Z79: =IF(AND(ISNUMBER(X79),ISNUMBER(Y79),X79>0),1-Y79/X79,"") | AA79: Not stated | AB79: Unclear | AC79: N | AD79: Y | AE79: 99.5 | AF79: =IF(ISNUMBER(AE79),IF(AE79>99,"Y","N"),"") -> Y | AG79: Y | AH79: Y | AI79: N | AJ79: Y | AK79: Y | AL79: Y | AM79: N | AN79: N | AO79: N | AP79: N | AQ79: Y | AR79: N | AS79: N | AU79: rec_id R1068
A80: S079 | B80: Kashi Sai Prasad; P Udayakumar; E. Laxmi Lydia; Mohammed Altaf Ahmed; Mohamad Khairi Ishak; Faten Khalid Karim; Samih M. Mostafa | C80: 2025 | D80: A two-tier optimization strategy for feature selection in robust adversarial attack mitigation on internet of things network security | E80: Scientific Reports | F80: Journal | G80: 10.1038/s41598-025-85878-3 | H80: N | I80: N | J80: Y | K80: N | L80: Y | M80: Y | N80: Wrapper-meta | Q80: SVM, XGBoost, MLP/ANN/DNN, CNN, LSTM/GRU/RNN, Autoencoder | R80: Y | S80: RT-IoT2022 | T80: 1 | U80: N | V80: N | Z80: =IF(AND(ISNUMBER(X80),ISNUMBER(Y80),X80>0),1-Y80/X80,"") | AA80: Single hold-out | AB80: Unclear | AC80: N | AD80: N | AE80: 99.91 | AF80: =IF(ISNUMBER(AE80),IF(AE80>99,"Y","N"),"") -> Y | AG80: N | AH80: Y | AI80: N | AJ80: N | AK80: N | AL80: N | AM80: N | AN80: N | AO80: N | AP80: N | AQ80: N | AR80: N | AS80: N | AU80: rec_id R1080
A81: S080 | B81: Swetha Madireddy | C81: 2025 | D81: AN APPLIED MATHEMATICAL FRAMEWORK FOR PRIVACY-PRESERVING INTRUSION DETECTION USING FEATURE SELECTION AND FUSION MODELS. | E81: International Journal of Apllied Mathematics | F81: Journal | G81: 10.12732/ijam.v38i5s.356 | H81: Y | I81: N | J81: N | K81: Y | L81: N | M81: Y | N81: Embedded | Q81: RF, SVM, DT, CNN | R81: Y | S81: NSL-KDD, UNSW-NB15, CICIDS2017 | T81: 3 | U81: N | V81: N | Z81: =IF(AND(ISNUMBER(X81),ISNUMBER(Y81),X81>0),1-Y81/X81,"") | AA81: Not stated | AB81: Unclear | AC81: N | AD81: N | AF81: =IF(ISNUMBER(AE81),IF(AE81>99,"Y","N"),"") | AG81: Y | AH81: N | AI81: N | AJ81: N | AK81: Y | AL81: N | AM81: N | AN81: N | AO81: N | AP81: N | AQ81: N | AR81: N | AS81: N | AU81: rec_id R1097
A82: S081 | B82: Muhammad Hafizh Dzaki; Adhitya Nugraha; Ardytha Luthfiarta; A. Riyanto; Yohanes Deny Novandian | C82: 2025 | D82: Accelerating Classification For Iot Attack Detection Using Decision Tree Model With Gini Impurity Tree-Based Feature Selection Technique | E82: Jurnal Teknik Informatika (Jutif) | F82: Journal | G82: 10.52436/1.jutif.2025.6.5.3817 | H82: Y | I82: Y | J82: Y | K82: Y | L82: Y | M82: N | N82: Embedded | Q82: DT, LR | R82: N | S82: CICIoT2023 | T82: 1 | U82: N | V82: N | Y82: 20 | Z82: =IF(AND(ISNUMBER(X82),ISNUMBER(Y82),X82>0),1-Y82/X82,"") | AA82: Single hold-out | AB82: Y | AC82: N | AD82: Y | AE82: 99.4 | AF82: =IF(ISNUMBER(AE82),IF(AE82>99,"Y","N"),"") -> Y | AG82: N | AH82: Y | AI82: N | AJ82: Y | AK82: Y | AL82: N | AM82: N | AN82: N | AO82: N | AP82: N | AQ82: N | AR82: N | AS82: N | AU82: rec_id R1102
A83: S082 | B83: Ahmed B. Abdulkareem | C83: 2025 | D83: Advances in IoT Intrusion Detection: Deploying Hybrid Deep Learning and Metaheuristic Algorithms for Optimal Feature Selection | E83: Ingénierie des systèmes d information | F83: Journal | G83: 10.18280/isi.300419 | H83: Y | I83: N | J83: Y | K83: N | L83: Y | M83: N | N83: Wrapper-meta | Q83: CNN, LSTM/GRU/RNN | R83: Y | S83: TON_IoT | T83: 1 | U83: N | V83: N | W83: Both | Z83: =IF(AND(ISNUMBER(X83),ISNUMBER(Y83),X83>0),1-Y83/X83,"") | AA83: Single hold-out | AB83: Unclear | AC83: N | AD83: N | AE83: 98.11 | AF83: =IF(ISNUMBER(AE83),IF(AE83>99,"Y","N"),"") -> N | AG83: Y | AH83: Y | AI83: Y | AJ83: Y | AK83: N | AL83: N | AM83: N | AN83: N | AO83: Y | AP83: N | AQ83: N | AR83: N | AS83: N | AU83: rec_id R1111
A84: S083 | B84: Isam Bahaa Aldallal; A. A. Ibrahim; Saadaldeen Rashid Ahmed | C84: 2025 | D84: An Intelligent Multi-Stage GA–SVM Hybrid Optimization Framework for Feature Engineering and Intrusion Detection in Internet of Things Networks | E84: Computers, Materials &amp; Continua | F84: Journal | G84: 10.32604/cmc.2025.075212 | H84: N | I84: N | J84: Y | K84: N | L84: N | M84: N | N84: Wrapper-meta | Q84: RF, SVM, kNN, MLP/ANN/DNN, CNN, LSTM/GRU/RNN | R84: N | S84: NSL-KDD | T84: 1 | U84: Y | V84: N | W84: Binary | X84: 41 | Y84: 7 | Z84: =IF(AND(ISNUMBER(X84),ISNUMBER(Y84),X84>0),1-Y84/X84,"") -> 0.82926829 | AA84: k-fold CV | AB84: Unclear | AC84: Y | AD84: Y | AE84: 97.36 | AF84: =IF(ISNUMBER(AE84),IF(AE84>99,"Y","N"),"") -> N | AG84: Y | AH84: Y | AI84: Y | AJ84: Y | AK84: Y | AL84: Y | AM84: Y | AN84: N | AO84: N | AP84: N | AQ84: N | AR84: N | AS84: N | AU84: rec_id R1134
A85: S084 | B85: Huan Ma; Wan Zhang; Dalong Zhang; Baozhan Chen | C85: 2025 | D85: An IoT intrusion detection framework based on feature selection and large language models fine-tuning | E85: Scientific Reports | F85: Journal | G85: 10.1038/s41598-025-08905-3 | H85: Y | I85: N | J85: Y | K85: Y | L85: Y | M85: Y | N85: Hybrid | Q85: LightGBM | R85: N | S85: TON_IoT, NF-ToN-IoT/NetFlow | T85: 2 | U85: N | V85: Y | W85: Both | Z85: =IF(AND(ISNUMBER(X85),ISNUMBER(Y85),X85>0),1-Y85/X85,"") | AA85: Single hold-out | AB85: Unclear | AC85: N | AD85: Y | AE85: 80 | AF85: =IF(ISNUMBER(AE85),IF(AE85>99,"Y","N"),"") -> N | AG85: N | AH85: Y | AI85: N | AJ85: Y | AK85: Y | AL85: Y | AM85: N | AN85: N | AO85: N | AP85: N | AQ85: N | AR85: N | AS85: N | AU85: rec_id R1137
A86: S085 | B86: G Logeswari; K. Thangaramya; M. Selvi; J. Deepika Roselind | C86: 2025 | D86: An improved synergistic dual-layer feature selection algorithm with two type classifier for efficient intrusion detection in IoT environment | E86: Scientific Reports | F86: Journal | G86: 10.1038/s41598-025-91663-z | H86: Y | I86: Y | J86: Y | K86: Y | L86: N | M86: N | N86: Hybrid | Q86: SVM, DT, kNN, XGBoost, LightGBM, MLP/ANN/DNN | R86: Y | S86: TON_IoT | T86: 1 | U86: N | V86: N | W86: Both | Y86: 20 | Z86: =IF(AND(ISNUMBER(X86),ISNUMBER(Y86),X86>0),1-Y86/X86,"") | AA86: Not stated | AB86: Unclear | AC86: N | AD86: Y | AE86: 93.95 | AF86: =IF(ISNUMBER(AE86),IF(AE86>99,"Y","N"),"") -> N | AG86: Y | AH86: Y | AI86: N | AJ86: Y | AK86: Y | AL86: N | AM86: N | AN86: N | AO86: N | AP86: N | AQ86: N | AR86: N | AS86: N | AU86: rec_id R1152
A87: S086 | B87: Hayam Alamro; Sami Saad Albouq; Jahangir Khan; Meshari Huwaytim Alanazi; Nojood O. Aljehane; Jehad Saad Alqurni; Mohammed Mujib Alshahrani; Ohud Abdullah Alasmari | C87: 2025 | D87: An intelligent deep representation learning with enhanced feature selection approach for cyberattack detection in internet of things enabled cloud environment | E87: Scientific Reports | F87: Journal | G87: 10.1038/s41598-025-13457-7 | H87: Y | I87: Y | J87: N | K87: N | L87: Y | M87: Y | N87: Wrapper-seq | Q87: RF, SVM, kNN, XGBoost, LightGBM, MLP/ANN/DNN, CNN, LSTM/GRU/RNN | R87: Y | S87: TON_IoT, Edge-IIoTset | T87: 2 | U87: N | V87: N | Z87: =IF(AND(ISNUMBER(X87),ISNUMBER(Y87),X87>0),1-Y87/X87,"") | AA87: Single hold-out | AB87: Unclear | AC87: N | AD87: Y | AE87: 99.45 | AF87: =IF(ISNUMBER(AE87),IF(AE87>99,"Y","N"),"") -> Y | AG87: N | AH87: N | AI87: N | AJ87: Y | AK87: N | AL87: N | AM87: N | AN87: N | AO87: N | AP87: N | AQ87: N | AR87: N | AS87: N | AU87: rec_id R1153
A88: S087 | B88: Raheleh Ghadami | C88: 2025 | D88: An intrusion detection system in the Internet of Things with deep learning and an improved arithmetic optimization algorithm (AOA) and sine cosine algorithm (SCA) | E88: Scientific Reports | F88: Journal | G88: 10.1038/s41598-025-22074-3 | H88: Y | I88: N | J88: Y | K88: N | L88: Y | M88: Y | N88: Wrapper-meta | Q88: MLP/ANN/DNN, CNN, LSTM/GRU/RNN, Transformer/Attention | R88: Y | S88: NSL-KDD, UNSW-NB15 | T88: 2 | U88: N | V88: N | W88: Both | Z88: =IF(AND(ISNUMBER(X88),ISNUMBER(Y88),X88>0),1-Y88/X88,"") | AA88: k-fold CV | AB88: Unclear | AC88: N | AD88: Y | AE88: 98.67 | AF88: =IF(ISNUMBER(AE88),IF(AE88>99,"Y","N"),"") -> N | AG88: N | AH88: N | AI88: N | AJ88: Y | AK88: Y | AL88: Y | AM88: N | AN88: N | AO88: Y | AP88: N | AQ88: N | AR88: N | AS88: N | AU88: rec_id R1157
A89: S088 | B89: Lulu Zhang | C89: 2025 | D89: Anomaly-based Intrusion Detection in IoT using Enhanced Kepler Optimization Algorithm for Feature Selection | E89: Informatica | F89: Journal | G89: 10.31449/inf.v49i11.8708 | H89: N | I89: N | J89: Y | K89: N | L89: N | M89: N | N89: Wrapper-meta | Q89: SVM, DT, kNN, CNN | R89: Y | S89: Bot-IoT | T89: 1 | U89: N | V89: Y | W89: Binary | Z89: =IF(AND(ISNUMBER(X89),ISNUMBER(Y89),X89>0),1-Y89/X89,"") | AA89: k-fold CV | AB89: Unclear | AC89: N | AD89: N | AE89: 99 | AF89: =IF(ISNUMBER(AE89),IF(AE89>99,"Y","N"),"") -> N | AG89: Y | AH89: N | AI89: N | AJ89: Y | AK89: Y | AL89: N | AM89: N | AN89: N | AO89: Y | AP89: N | AQ89: N | AR89: N | AS89: N | AU89: rec_id R1168
A90: S089 | B90: Jawhara Aljabri | C90: 2025 | D90: Attack resilient IoT security framework using multi head attention based representation learning with improved white shark optimization algorithm | E90: Scientific Reports | F90: Journal | G90: 10.1038/s41598-025-98180-z | H90: N | I90: N | J90: Y | K90: N | L90: N | M90: N | N90: Wrapper-meta | Q90: AdaBoost, CNN, LSTM/GRU/RNN, Transformer/Attention | R90: Y | S90: Edge-IIoTset | T90: 1 | U90: N | V90: Y | Z90: =IF(AND(ISNUMBER(X90),ISNUMBER(Y90),X90>0),1-Y90/X90,"") | AA90: Not stated | AB90: Unclear | AC90: N | AD90: Y | AE90: 98.28 | AF90: =IF(ISNUMBER(AE90),IF(AE90>99,"Y","N"),"") -> N | AG90: N | AH90: N | AI90: N | AJ90: Y | AK90: Y | AL90: N | AM90: N | AN90: N | AO90: N | AP90: N | AQ90: N | AR90: N | AS90: N | AU90: rec_id R1177
A91: S090 | B91: V. V. S. H. Prasad; Swathi Sowmya Bavirthi; C. S. S. Anupama; E. Laxmi Lydia; K. Sathesh Kumar; Khalid Ammar; Mohamad Khairi Ishak | C91: 2025 | D91: Blockchain enhanced distributed denial of service detection in IoT using deep learning and evolutionary computation | E91: Scientific Reports | F91: Journal | G91: 10.1038/s41598-025-06568-8 | H91: N | I91: N | J91: Y | K91: N | L91: N | M91: N | N91: Wrapper-meta | Q91: XGBoost, MLP/ANN/DNN, LSTM/GRU/RNN | R91: Y | S91: Bot-IoT | T91: 1 | U91: N | V91: Y | W91: Both | Z91: =IF(AND(ISNUMBER(X91),ISNUMBER(Y91),X91>0),1-Y91/X91,"") | AA91: Not stated | AB91: Unclear | AC91: N | AD91: N | AE91: 99.22 | AF91: =IF(ISNUMBER(AE91),IF(AE91>99,"Y","N"),"") -> Y | AG91: Y | AH91: N | AI91: N | AJ91: Y | AK91: Y | AL91: N | AM91: N | AN91: N | AO91: N | AP91: N | AQ91: N | AR91: N | AS91: N | AU91: rec_id R1185
A92: S091 | B92: Abeer A. K. Alharbi | C92: 2025 | D92: Blockchain-driven cybersecurity detection model using quantum bidirectional gated recurrent unit with metaheuristic algorithms on IoT environment | E92: AIMS Mathematics | F92: Journal | G92: 10.3934/math.2025732 | H92: N | I92: N | J92: Y | K92: N | L92: N | M92: Y | N92: Wrapper-meta | Q92: SVM, CNN, LSTM/GRU/RNN | R92: Y | S92: Bot-IoT | T92: 1 | U92: N | V92: Y | Z92: =IF(AND(ISNUMBER(X92),ISNUMBER(Y92),X92>0),1-Y92/X92,"") | AA92: Single hold-out | AB92: Unclear | AC92: N | AD92: Y | AE92: 99.32 | AF92: =IF(ISNUMBER(AE92),IF(AE92>99,"Y","N"),"") -> Y | AG92: N | AH92: N | AI92: N | AJ92: Y | AK92: N | AL92: N | AM92: N | AN92: N | AO92: N | AP92: N | AQ92: Y | AR92: N | AS92: N | AU92: rec_id R1187
A93: S092 | B93: Lahcen Idouglid; Said Tkatek; Khalid El Fayq | C93: 2025 | D93: Boosting industrial internet of things intrusion detection: leveraging machine learning and feature selection techniques | E93: IAES International Journal of Artificial Intelligence | F93: Journal | G93: 10.11591/ijai.v14.i2.pp1232-1241 | H93: Y | I93: Y | J93: Y | K93: N | L93: N | M93: Y | N93: Wrapper-meta | Q93: RF, SVM, DT, kNN, XGBoost, AdaBoost, MLP/ANN/DNN, LSTM/GRU/RNN | R93: Y | S93: UNSW-NB15, Bot-IoT, Kaggle (unspecified) | T93: 3 | U93: N | V93: N | W93: Both | Z93: =IF(AND(ISNUMBER(X93),ISNUMBER(Y93),X93>0),1-Y93/X93,"") | AA93: k-fold CV | AB93: Unclear | AC93: N | AD93: Y | AE93: 99.99 | AF93: =IF(ISNUMBER(AE93),IF(AE93>99,"Y","N"),"") -> Y | AG93: N | AH93: Y | AI93: N | AJ93: N | AK93: Y | AL93: N | AM93: N | AN93: N | AO93: N | AP93: N | AQ93: N | AR93: N | AS93: N | AU93: rec_id R1191
A94: S093 | B94: Shalini Sharma; Supriya Khaitan; Gayatri Hegde; Divya Rohatgi; Nusrat Parveen; Suhas Janardan Lawand | C94: 2025 | D94: Contraction control factor-based gorilla troop optimizer for features in intrusion detection systems | E94: International Journal of Advances in Applied Sciences | F94: Journal | G94: 10.11591/ijaas.v14.i2.pp373-383 | H94: N | I94: N | J94: Y | K94: N | L94: N | M94: Y | N94: Wrapper-meta | Q94: CNN, LSTM/GRU/RNN | R94: Y | S94: UNSW-NB15, CICIDS2017 | T94: 2 | U94: N | V94: N | W94: Both | X94: 100 | Y94: 50 | Z94: =IF(AND(ISNUMBER(X94),ISNUMBER(Y94),X94>0),1-Y94/X94,"") -> 0.5 | AA94: Not stated | AB94: Unclear | AC94: N | AD94: Y | AE94: 99.56 | AF94: =IF(ISNUMBER(AE94),IF(AE94>99,"Y","N"),"") -> Y | AG94: N | AH94: N | AI94: N | AJ94: N | AK94: N | AL94: N | AM94: N | AN94: N | AO94: N | AP94: N | AQ94: N | AR94: N | AS94: N | AU94: rec_id R1211
A95: S094 | B95: Zahra Bakhshali; Alireza Pourebrahimi; Ahmad Ebrahimi; Nazanin Pilevari | C95: 2025 | D95: Designing a Hybrid Algorithm that Combines Deep Learning and PSO for Proactive Detection of Attacks in IoT Networks | E95: Journal of Information Systems and Telecommunication (JIST) | F95: Journal | G95: 10.61882/jist.48455.13.50.130 | H95: Y | I95: N | J95: Y | K95: N | L95: Y | M95: N | N95: Wrapper-meta | Q95: SVM, MLP/ANN/DNN, CNN, LSTM/GRU/RNN | R95: Y | S95: NSL-KDD | T95: 1 | U95: Y | V95: N | Z95: =IF(AND(ISNUMBER(X95),ISNUMBER(Y95),X95>0),1-Y95/X95,"") | AA95: k-fold CV | AB95: Unclear | AC95: N | AD95: N | AE95: 97.75 | AF95: =IF(ISNUMBER(AE95),IF(AE95>99,"Y","N"),"") -> N | AG95: Y | AH95: N | AI95: N | AJ95: Y | AK95: N | AL95: N | AM95: N | AN95: N | AO95: N | AP95: N | AQ95: N | AR95: N | AS95: N | AU95: rec_id R1231
A96: S095 | B96: Mustabeen Aziz; Muhammad Usman Sana; Tayybah Kiren; Tahmina Ehsan; Alvena Ehsan; Fateha Minahil | C96: 2025 | D96: Detection of Application-Layer Dos Attacks in IoT Devices Using Feature Selection and Machine Learning Models | E96: International Journal of Innovative Science & Technology | F96: Journal | G96: 10.33411/ijist/1246 | H96: Y | I96: N | J96: Y | K96: N | L96: N | M96: N | N96: Filter | Q96: RF, SVM, DT, kNN, NB, LR, MLP/ANN/DNN, CNN, LSTM/GRU/RNN | R96: N | S96: CIC-DDoS2019 | T96: 1 | U96: Y | V96: N | W96: Binary | Y96: 10 | Z96: =IF(AND(ISNUMBER(X96),ISNUMBER(Y96),X96>0),1-Y96/X96,"") | AA96: k-fold CV | AB96: Unclear | AC96: N | AD96: Y | AE96: 99 | AF96: =IF(ISNUMBER(AE96),IF(AE96>99,"Y","N"),"") -> N | AG96: Y | AH96: Y | AI96: N | AJ96: N | AK96: N | AL96: N | AM96: N | AN96: N | AO96: N | AP96: N | AQ96: N | AR96: N | AS96: N | AU96: rec_id R1234
A97: S096 | B97: S. O. Abdulsalam; Tijani Mubarak Adewale; K. K. Saka; Abdulrauf U.T | C97: 2025 | D97: Development of an Intrusion Detection System Using Mayfly Feature Selection and Support Vector Machine Algorithms | E97: Uniosun Journal of Engineering and Environmental Sciences | F97: Journal | G97: 10.36108/ujees/5202.70.0173 | H97: Y | I97: N | J97: Y | K97: N | L97: N | M97: Y | N97: Wrapper-meta | Q97: SVM, kNN, MLP/ANN/DNN, LSTM/GRU/RNN | R97: Y | S97: NSL-KDD | T97: 1 | U97: Y | V97: N | Z97: =IF(AND(ISNUMBER(X97),ISNUMBER(Y97),X97>0),1-Y97/X97,"") | AA97: Single hold-out | AB97: Unclear | AC97: N | AD97: N | AE97: 99.9 | AF97: =IF(ISNUMBER(AE97),IF(AE97>99,"Y","N"),"") -> Y | AG97: N | AH97: N | AI97: N | AJ97: Y | AK97: Y | AL97: N | AM97: N | AN97: N | AO97: N | AP97: N | AQ97: N | AR97: N | AS97: N | AU97: rec_id R1239
A98: S097 | B98: Brindhadevi J | C98: 2025 | D98: EFFICIENT DETECTION AND MITIGATION OF SYBIL AND CLONE ID ATTACKS IN IOT USING PARTICLE SWARM OPTIMIZED DECISION TREE | E98: International Journal of Applied Mathematics | F98: Journal | G98: 10.12732/ijam.v38i5.600 | H98: Y | I98: N | J98: Y | K98: N | L98: N | M98: N | N98: Wrapper-meta | Q98: DT, LSTM/GRU/RNN | R98: Y | S98: Private/unspecified | T98: 1 | U98: Y | V98: N | X98: 100 | Y98: 10 | Z98: =IF(AND(ISNUMBER(X98),ISNUMBER(Y98),X98>0),1-Y98/X98,"") -> 0.9 | AA98: Not stated | AB98: Unclear | AC98: N | AD98: N | AE98: 97.6 | AF98: =IF(ISNUMBER(AE98),IF(AE98>99,"Y","N"),"") -> N | AG98: N | AH98: N | AI98: N | AJ98: Y | AK98: Y | AL98: N | AM98: Y | AN98: N | AO98: N | AP98: N | AQ98: N | AR98: N | AS98: N | AU98: rec_id R1247
A99: S098 | B99: S. Mukkamala | C99: 2025 | D99: Efficient Intrusion Detection using Feature Engineering Based on Deep Spectral Artificial Neural Network for IOT Network | E99: International journal of multidisciplinary research and analysis | F99: Journal | G99: 10.47191/ijmra/v8-i11-25 | H99: Y | I99: N | J99: Y | K99: N | L99: N | M99: N | N99: Wrapper-meta | Q99: kNN, MLP/ANN/DNN, CNN, LSTM/GRU/RNN | R99: Y | S99: NSL-KDD | T99: 1 | U99: Y | V99: N | W99: Binary | Z99: =IF(AND(ISNUMBER(X99),ISNUMBER(Y99),X99>0),1-Y99/X99,"") | AA99: Single hold-out | AB99: Unclear | AC99: N | AD99: Y | AE99: 94.28 | AF99: =IF(ISNUMBER(AE99),IF(AE99>99,"Y","N"),"") -> N | AG99: N | AH99: N | AI99: N | AJ99: Y | AK99: N | AL99: N | AM99: N | AN99: N | AO99: N | AP99: N | AQ99: N | AR99: N | AS99: N | AU99: rec_id R1257
A100: S099 | B100: B.Karthikeyan; K.Kamali | C100: 2025 | D100: Energy Efficient Intrusion Detection System (IDS) and Feature Selection for IoT using DNN Model | E100: International Journal For Multidisciplinary Research | F100: Journal | G100: 10.36948/ijfmr.2025.v07i01.36636 | H100: N | I100: N | J100: N | K100: N | L100: N | M100: N | N100: Other | Q100: MLP/ANN/DNN, CNN | R100: Y | S100: Private/unspecified | T100: 1 | U100: Y | V100: N | Z100: =IF(AND(ISNUMBER(X100),ISNUMBER(Y100),X100>0),1-Y100/X100,"") | AA100: Not stated | AB100: Unclear | AC100: N | AD100: N | AF100: =IF(ISNUMBER(AE100),IF(AE100>99,"Y","N"),"") | AG100: N | AH100: Y | AI100: N | AJ100: N | AK100: N | AL100: N | AM100: N | AN100: N | AO100: N | AP100: N | AQ100: Y | AR100: N | AS100: N | AU100: rec_id R1262
...

Sheet QA
A1: ID | B1: QA1 | C1: QA2 | D1: QA3 | E1: QA4 | F1: QA5 | G1: QA6 | H1: QA7 | I1: QA8 | J1: Total (0–8) | K1: Grade
A2: =Studies!A2 -> S001 | B2: 1 | C2: 0 | D2: 0 | E2: 0.5 | F2: 0.5 | G2: 0 | H2: 0 | I2: 0 | J2: =IF(COUNT(B2:I2)=8,SUM(B2:I2),"") -> 2 | K2: =IF(J2="","",IF(J2>=5,"High",IF(J2>=3.5,"Medium","Low"))) -> Low
A3: =Studies!A3 -> S002 | B3: 1 | C3: 0 | D3: 1 | E3: 0 | F3: 0.5 | G3: 1 | H3: 0 | I3: 0 | J3: =IF(COUNT(B3:I3)=8,SUM(B3:I3),"") -> 3.5 | K3: =IF(J3="","",IF(J3>=5,"High",IF(J3>=3.5,"Medium","Low"))) -> Medium
A4: =Studies!A4 -> S003 | B4: 1 | C4: 0 | D4: 1 | E4: 1 | F4: 1 | G4: 0.5 | H4: 0 | I4: 0 | J4: =IF(COUNT(B4:I4)=8,SUM(B4:I4),"") -> 4.5 | K4: =IF(J4="","",IF(J4>=5,"High",IF(J4>=3.5,"Medium","Low"))) -> Medium
A5: =Studies!A5 -> S004 | B5: 0.5 | C5: 0 | D5: 0 | E5: 0.5 | F5: 0.5 | G5: 0.5 | H5: 0 | I5: 0 | J5: =IF(COUNT(B5:I5)=8,SUM(B5:I5),"") -> 2 | K5: =IF(J5="","",IF(J5>=5,"High",IF(J5>=3.5,"Medium","Low"))) -> Low
A6: =Studies!A6 -> S005 | B6: 0.5 | C6: 0 | D6: 0 | E6: 0.5 | F6: 1 | G6: 0.5 | H6: 0 | I6: 0 | J6: =IF(COUNT(B6:I6)=8,SUM(B6:I6),"") -> 2.5 | K6: =IF(J6="","",IF(J6>=5,"High",IF(J6>=3.5,"Medium","Low"))) -> Low
A7: =Studies!A7 -> S006 | B7: 0.5 | C7: 0 | D7: 0 | E7: 0.5 | F7: 0 | G7: 1 | H7: 1 | I7: 0 | J7: =IF(COUNT(B7:I7)=8,SUM(B7:I7),"") -> 3 | K7: =IF(J7="","",IF(J7>=5,"High",IF(J7>=3.5,"Medium","Low"))) -> Low
A8: =Studies!A8 -> S007 | B8: 0.5 | C8: 0 | D8: 1 | E8: 1 | F8: 0 | G8: 1 | H8: 0 | I8: 0 | J8: =IF(COUNT(B8:I8)=8,SUM(B8:I8),"") -> 3.5 | K8: =IF(J8="","",IF(J8>=5,"High",IF(J8>=3.5,"Medium","Low"))) -> Medium
A9: =Studies!A9 -> S008 | B9: 1 | C9: 0 | D9: 1 | E9: 0.5 | F9: 0.5 | G9: 1 | H9: 0 | I9: 0 | J9: =IF(COUNT(B9:I9)=8,SUM(B9:I9),"") -> 4 | K9: =IF(J9="","",IF(J9>=5,"High",IF(J9>=3.5,"Medium","Low"))) -> Medium
A10: =Studies!A10 -> S009 | B10: 1 | C10: 0 | D10: 1 | E10: 1 | F10: 1 | G10: 1 | H10: 1 | I10: 0 | J10: =IF(COUNT(B10:I10)=8,SUM(B10:I10),"") -> 6 | K10: =IF(J10="","",IF(J10>=5,"High",IF(J10>=3.5,"Medium","Low"))) -> High
A11: =Studies!A11 -> S010 | B11: 0.5 | C11: 0 | D11: 0 | E11: 0.5 | F11: 0 | G11: 0.5 | H11: 1 | I11: 0 | J11: =IF(COUNT(B11:I11)=8,SUM(B11:I11),"") -> 2.5 | K11: =IF(J11="","",IF(J11>=5,"High",IF(J11>=3.5,"Medium","Low"))) -> Low
A12: =Studies!A12 -> S011 | B12: 0.5 | C12: 0 | D12: 0 | E12: 1 | F12: 0 | G12: 0.5 | H12: 0 | I12: 0 | J12: =IF(COUNT(B12:I12)=8,SUM(B12:I12),"") -> 2 | K12: =IF(J12="","",IF(J12>=5,"High",IF(J12>=3.5,"Medium","Low"))) -> Low
A13: =Studies!A13 -> S012 | B13: 1 | C13: 0 | D13: 0 | E13: 0.5 | F13: 0.5 | G13: 0 | H13: 0 | I13: 0 | J13: =IF(COUNT(B13:I13)=8,SUM(B13:I13),"") -> 2 | K13: =IF(J13="","",IF(J13>=5,"High",IF(J13>=3.5,"Medium","Low"))) -> Low
... A131: =Studies!A131 -> S130 | B131: 1 | C131: 0 | D131: 1 | E131: 0.5 | F131: 0.5 | G131: 0.5 | H131: 1 | I131: 0 | J131: =IF(COUNT(B131:I131)=8,SUM(B131:I131),"") -> 4.5 | K131: =IF(J131="","",IF(J131>=5,"High",IF(J131>=3.5,"Medium","Low"))) -> Medium

Sheet Checklist
A1: ID | B1: 1 Dataset & preprocessing | C1: 2 Class setting & imbalance | D1: 3 FS inside training folds | E1: 4 Full FS specification | F1: 5 Selected feature list | G1: 6 Repeated runs mean±sd | H1: 7 Baselines | I1: 8 Class-sensitive metrics | J1: 9 Significance testing | K1: 10 Cost on stated hardware | L1: 11 ≥2 datasets / cross-dataset | M1: 12 Code released | N1: Items met
A2: =Studies!A2 -> S001 | B2: Y | C2: N | D2: N | E2: Y | F2: N | G2: N | H2: N | I2: N | J2: N | K2: N | L2: N | M2: N | N2: =COUNTIF(B2:M2,"Y") -> 2
A3: =Studies!A3 -> S002 | B3: Y | C3: N | D3: N | E3: Y | F3: N | G3: N | H3: N | I3: N | J3: N | K3: Y | L3: N | M3: N | N3: =COUNTIF(B3:M3,"Y") -> 3
A4: =Studies!A4 -> S003 | B4: Y | C4: Y | D4: N | E4: Y | F4: Y | G4: N | H4: Y | I4: Y | J4: N | K4: Y | L4: N | M4: N | N4: =COUNTIF(B4:M4,"Y") -> 7
A5: =Studies!A5 -> S004 | B5: Y | C5: N | D5: N | E5: N | F5: N | G5: N | H5: N | I5: N | J5: N | K5: Y | L5: N | M5: N | N5: =COUNTIF(B5:M5,"Y") -> 2
A6: =Studies!A6 -> S005 | B6: Y | C6: N | D6: N | E6: N | F6: N | G6: N | H6: N | I6: Y | J6: N | K6: N | L6: N | M6: N | N6: =COUNTIF(B6:M6,"Y") -> 2
A7: =Studies!A7 -> S006 | B7: Y | C7: Y | D7: N | E7: N | F7: N | G7: N | H7: N | I7: N | J7: Y | K7: Y | L7: Y | M7: N | N7: =COUNTIF(B7:M7,"Y") -> 5
A8: =Studies!A8 -> S007 | B8: Y | C8: Y | D8: N | E8: N | F8: N | G8: N | H8: Y | I8: N | J8: N | K8: N | L8: N | M8: N | N8: =COUNTIF(B8:M8,"Y") -> 3
A9: =Studies!A9 -> S008 | B9: N | C9: N | D9: N | E9: Y | F9: N | G9: N | H9: N | I9: N | J9: N | K9: N | L9: N | M9: N | N9: =COUNTIF(B9:M9,"Y") -> 1
A10: =Studies!A10 -> S009 | B10: Y | C10: Y | D10: N | E10: Y | F10: N | G10: N | H10: Y | I10: Y | J10: N | K10: Y | L10: Y | M10: N | N10: =COUNTIF(B10:M10,"Y") -> 7
A11: =Studies!A11 -> S010 | B11: Y | C11: Y | D11: N | E11: N | F11: N | G11: N | H11: N | I11: N | J11: N | K11: N | L11: Y | M11: N | N11: =COUNTIF(B11:M11,"Y") -> 3
A12: =Studies!A12 -> S011 | B12: N | C12: N | D12: N | E12: N | F12: N | G12: N | H12: Y | I12: N | J12: N | K12: N | L12: N | M12: N | N12: =COUNTIF(B12:M12,"Y") -> 1
A13: =Studies!A13 -> S012 | B13: Y | C13: N | D13: N | E13: Y | F13: Y | G13: N | H13: N | I13: N | J13: N | K13: N | L13: N | M13: N | N13: =COUNTIF(B13:M13,"Y") -> 3
... A131: =Studies!A131 -> S130 | B131: Y | C131: Y | D131: N | E131: Y | F131: N | G131: Y | H131: N | I131: N | J131: N | K131: N | L131: Y | M131: N | N131: =COUNTIF(B131:M131,"Y") -> 5

Sheet DRL
A1: ID | B1: DRL level
A2: =Studies!A2 -> S001 | B2: DRL-0
A3: =Studies!A3 -> S002 | B3: DRL-0
A4: =Studies!A4 -> S003 | B4: DRL-0
A5: =Studies!A5 -> S004 | B5: DRL-0
A6: =Studies!A6 -> S005 | B6: DRL-0
A7: =Studies!A7 -> S006 | B7: DRL-0
A8: =Studies!A8 -> S007 | B8: DRL-0
A9: =Studies!A9 -> S008 | B9: DRL-0
A10: =Studies!A10 -> S009 | B10: DRL-0
A11: =Studies!A11 -> S010 | B11: DRL-0
A12: =Studies!A12 -> S011 | B12: DRL-0
A13: =Studies!A13 -> S012 | B13: DRL-0
... A131: =Studies!A131 -> S130 | B131: DRL-2

Sheet PRISMA
A1: Item | B1: Count | C1: Notes
A2: OpenAlex hits | B2: 922
A3: Semantic Scholar hits | B3: 1399
A4: — | B4: 0
A5: — | B5: 0
A6: — | B6: 0
A7: — | B7: 0
A8: Records identified (total) | B8: =SUM(B2:B7) -> 2321
A9: Duplicates removed | B9: 676
A10: Records excluded at title/abstract | B10: 1139
A11: Full texts excluded: EC1 (not IoT 2, not IDS 1) | B11: 3
A12: Full texts excluded: EC2 (extraction only) | B12: 0
A13: Full texts excluded: EC3 (no experiments/dataset) | B13: 1
A14: Full texts excluded: retracted (1) or non-English (1) | B14: 2
A15: Reports not retrieved or unreadable | B15: 370
A16: Added by snowballing | B16: 0
A17: Cohen's kappa (title/abstract screening) | B17: n/a (single reviewer)
A18: Search start (month/year) | B18: 2018 (publication years 2018–2025)
A19: Final search date | B19: 22 Oct 2026
A20: Records screened (title/abstract) | B20: =B8-B9 -> 1645
A21: Reports sought for retrieval | B21: =B20-B10 -> 506
A22: Not retrieved/unreadable + full-text exclusions | B22: =SUM(B11:B15) -> 376
A23: Studies included | B23: =B21-B22+B16 -> 130
A24: Check: included should equal 130 | B24: =IF(B23=130,"OK","CHECK") -> OK
